Seed, N, MU, RHO, S, Num_neutral, Num_sel, pi_neutral, pi_sel
4969138644863360385, 5000, 1.0e-09, 1.0e-07, -0.0001, 7, 11, 8.29173e-07, 1.31367e-06
6917558170044933288, 5000, 1.0e-09, 2.0e-07, -0.001, 3, 3, 4.65001e-07, 9.89834e-07
7672259505921772036, 5000, 1.0e-09, 2.0e-07, -0.01, 6, 7, 8.24046e-07, 1.4158e-07
1515417777715847125, 5000, 1.0e-09, 2.0e-07, -0.01, 6, 6, 3.44755e-06, 1.59366e-07
51598525797527142, 5000, 1.0e-09, 2.0e-07, -0.01, 4, 5, 4.06674e-07, 5.5667e-07
7306217958257771576, 5000, 1.0e-09, 2.0e-07, -0.01, 0, 6, 0.0, 8.01415e-07
3822103872312592145, 5000, 1.0e-09, 2.0e-07, -0.01, 6, 5, 3.51005e-06, 5.991e-08
5928670116588681913, 5000, 1.0e-09, 2.0e-07, -0.01, 4, 5, 5.40445e-07, 3.26958e-07
4362685175832242069, 5000, 1.0e-09, 2.0e-07, -0.01, 4, 4, 7.78476e-08, 2.36707e-07
7877306754254593388, 5000, 1.0e-09, 2.0e-07, -0.01, 9, 7, 1.00615e-06, 3.47823e-07
6507342939932538468, 5000, 1.0e-09, 2.0e-07, -0.01, 5, 11, 3.89813e-07, 5.11988e-07
5810987214923561027, 5000, 1.0e-09, 1.0e-07, -0.0001, 9, 13, 1.77456e-06, 4.83223e-06
6911655185120781976, 5000, 1.0e-09, 2.0e-07, -0.01, 8, 5, 2.3571e-06, 1.05776e-07
4390280527609303808, 5000, 1.0e-09, 2.0e-07, -0.01, 8, 8, 1.42958e-06, 5.04092e-07
5186811371437695841, 5000, 1.0e-09, 2.0e-07, -0.01, 6, 6, 9.34446e-07, 2.37266e-07
4314950790376304262, 5000, 1.0e-09, 2.0e-07, -0.01, 2, 6, 1.44215e-06, 4.0468e-07
8082938734335637588, 5000, 1.0e-09, 2.0e-07, -0.01, 5, 4, 4.2332e-07, 2.99892e-08
8172201716532621363, 5000, 1.0e-09, 2.0e-07, -0.01, 3, 8, 1.68905e-07, 9.29158e-07
1561206142047633225, 5000, 1.0e-09, 2.0e-07, -0.01, 5, 3, 2.0611e-06, 1.45474e-07
6196576733909084762, 5000, 1.0e-09, 2.0e-07, -0.01, 8, 9, 2.62688e-06, 7.77038e-07
823958256587985619, 5000, 1.0e-09, 2.0e-07, -0.01, 5, 9, 2.67714e-06, 2.24761e-07
1309065066469006614, 5000, 1.0e-09, 2.0e-07, -0.01, 8, 5, 2.49839e-06, 1.09859e-07
8293851374304086638, 5000, 1.0e-09, 1.0e-07, -0.0001, 4, 10, 3.08872e-07, 1.15033e-06
7273856564871181929, 5000, 1.0e-09, 2.0e-07, -0.01, 6, 8, 6.39024e-07, 5.99509e-07
408368344847436342, 5000, 1.0e-09, 4.0e-07, -0.0001, 7, 5, 1.36606e-06, 5.22282e-07
2438087644059606357, 5000, 1.0e-09, 4.0e-07, -0.0001, 1, 10, 3.45021e-06, 1.79536e-06
7610247661817595333, 5000, 1.0e-09, 4.0e-07, -0.0001, 4, 9, 2.0123e-06, 2.08258e-06
1632762283235127292, 5000, 1.0e-09, 4.0e-07, -0.0001, 7, 9, 2.97758e-06, 5.80657e-06
3995496583782628553, 5000, 1.0e-09, 4.0e-07, -0.0001, 4, 17, 1.14175e-06, 5.3812e-06
5281249462284556572, 5000, 1.0e-09, 4.0e-07, -0.0001, 5, 12, 1.87661e-06, 4.60851e-06
2128287952736538663, 5000, 1.0e-09, 4.0e-07, -0.0001, 2, 6, 2.19892e-08, 1.87037e-07
4730654696104057353, 5000, 1.0e-09, 4.0e-07, -0.0001, 6, 5, 7.72565e-06, 1.87809e-06
2274368488906976753, 5000, 1.0e-09, 4.0e-07, -0.0001, 2, 5, 4.59292e-08, 6.95883e-07
8866873473169356619, 5000, 1.0e-09, 1.0e-07, -0.0001, 8, 18, 1.17744e-06, 2.78704e-06
8283084358296257137, 5000, 1.0e-09, 4.0e-07, -0.0001, 6, 13, 1.63102e-06, 1.31433e-06
7395963393145668409, 5000, 1.0e-09, 4.0e-07, -0.0001, 3, 12, 2.28843e-06, 2.77751e-06
2481958341180527525, 5000, 1.0e-09, 4.0e-07, -0.0001, 4, 11, 1.47833e-06, 2.61009e-06
3022599669122049400, 5000, 1.0e-09, 4.0e-07, -0.0001, 5, 13, 2.87401e-07, 9.8112e-07
4033461508604403172, 5000, 1.0e-09, 4.0e-07, -0.0001, 3, 13, 7.75116e-07, 2.80264e-06
2753079083645739217, 5000, 1.0e-09, 4.0e-07, -0.0001, 5, 8, 5.18786e-06, 1.35494e-06
8945349524801230145, 5000, 1.0e-09, 4.0e-07, -0.0001, 4, 8, 8.17716e-08, 6.23425e-07
5666843870040130444, 5000, 1.0e-09, 4.0e-07, -0.0001, 8, 7, 1.11564e-06, 1.7148e-06
249495135358525048, 5000, 1.0e-09, 4.0e-07, -0.0001, 5, 7, 2.38425e-07, 9.88145e-07
6923742214091718056, 5000, 1.0e-09, 4.0e-07, -0.0001, 4, 13, 5.32075e-06, 5.57369e-06
5154491632751672677, 5000, 1.0e-09, 1.0e-07, -0.0001, 3, 8, 2.57569e-07, 2.16553e-06
5136274572559830392, 5000, 1.0e-09, 4.0e-07, -0.0001, 8, 12, 1.11095e-06, 9.9858e-07
3167397211046724504, 5000, 1.0e-09, 4.0e-07, -0.001, 6, 10, 1.83584e-07, 1.55451e-06
9098605872239595252, 5000, 1.0e-09, 4.0e-07, -0.001, 4, 7, 7.08459e-07, 7.64641e-07
1733348435782498467, 5000, 1.0e-09, 4.0e-07, -0.001, 8, 14, 1.48689e-06, 1.42781e-06
3950108596036468561, 5000, 1.0e-09, 4.0e-07, -0.001, 6, 7, 4.772e-06, 2.16063e-06
4636666420625748829, 5000, 1.0e-09, 4.0e-07, -0.001, 9, 5, 1.04569e-06, 2.688e-06
6978297344502513285, 5000, 1.0e-09, 4.0e-07, -0.001, 3, 7, 1.38896e-06, 1.03063e-06
1490391440229998803, 5000, 1.0e-09, 4.0e-07, -0.001, 3, 10, 7.98355e-07, 5.214e-06
5999560767644942686, 5000, 1.0e-09, 4.0e-07, -0.001, 6, 8, 1.80653e-06, 1.9851e-06
5007999361389645580, 5000, 1.0e-09, 4.0e-07, -0.001, 7, 6, 1.43841e-06, 1.65519e-07
3245121613048606315, 5000, 1.0e-09, 1.0e-07, -0.0001, 2, 9, 2.69177e-07, 1.62805e-06
5715895252103903582, 5000, 1.0e-09, 4.0e-07, -0.001, 4, 8, 1.62688e-06, 9.18815e-07
3879238855317657457, 5000, 1.0e-09, 4.0e-07, -0.001, 4, 8, 4.9938e-07, 1.36898e-06
3447911219948839126, 5000, 1.0e-09, 4.0e-07, -0.001, 5, 11, 3.21841e-06, 2.19641e-06
5579777161398777188, 5000, 1.0e-09, 4.0e-07, -0.001, 2, 6, 8.96696e-08, 5.78563e-07
6372080775774701322, 5000, 1.0e-09, 4.0e-07, -0.001, 7, 8, 5.39404e-06, 3.53308e-06
2900500155977736642, 5000, 1.0e-09, 4.0e-07, -0.001, 4, 8, 4.99156e-08, 1.25257e-06
5864455284588851724, 5000, 1.0e-09, 4.0e-07, -0.001, 5, 10, 2.37811e-06, 3.18927e-06
4271622366628409902, 5000, 1.0e-09, 4.0e-07, -0.001, 3, 7, 3.15961e-07, 7.98836e-08
5002105387858513465, 5000, 1.0e-09, 4.0e-07, -0.001, 5, 8, 9.62428e-07, 6.78378e-07
7734075975558960791, 5000, 1.0e-09, 4.0e-07, -0.001, 4, 8, 5.96951e-07, 1.59613e-07
1646133730999776641, 5000, 1.0e-09, 1.0e-07, -0.0001, 1, 14, 2.0e-09, 3.57088e-06
1442272829229463625, 5000, 1.0e-09, 4.0e-07, -0.001, 4, 7, 8.67676e-07, 1.57645e-07
8775963288146054182, 5000, 1.0e-09, 4.0e-07, -0.01, 8, 6, 2.30967e-06, 2.04929e-07
8650237127866020379, 5000, 1.0e-09, 4.0e-07, -0.01, 5, 9, 1.77914e-06, 1.43712e-07
1569167932786441334, 5000, 1.0e-09, 4.0e-07, -0.01, 5, 1, 8.99177e-07, 2.0e-09
7804775372741455292, 5000, 1.0e-09, 4.0e-07, -0.01, 2, 3, 3.00808e-06, 1.59972e-08
7872261208065382099, 5000, 1.0e-09, 4.0e-07, -0.01, 9, 11, 1.36427e-06, 7.16917e-07
4184971438227217704, 5000, 1.0e-09, 4.0e-07, -0.01, 5, 2, 4.59392e-06, 1.35191e-07
6233781051265261422, 5000, 1.0e-09, 4.0e-07, -0.01, 3, 4, 1.35284e-06, 8.37184e-08
5955931537108475350, 5000, 1.0e-09, 4.0e-07, -0.01, 0, 5, 0.0, 1.29619e-07
1682101636210097977, 5000, 1.0e-09, 4.0e-07, -0.01, 9, 11, 2.56807e-06, 6.59504e-07
6328524630245170614, 5000, 1.0e-09, 1.0e-07, -0.0001, 5, 11, 1.73916e-06, 1.92007e-06
8865217757315008613, 5000, 1.0e-09, 4.0e-07, -0.01, 6, 4, 2.98971e-07, 4.39736e-08
710265143896159973, 5000, 1.0e-09, 4.0e-07, -0.01, 9, 11, 9.27036e-07, 5.60546e-07
6575288991258500513, 5000, 1.0e-09, 4.0e-07, -0.01, 3, 7, 1.55436e-06, 1.93403e-07
7310947563659476313, 5000, 1.0e-09, 4.0e-07, -0.01, 4, 4, 1.68923e-06, 9.7698e-08
3443898016890248248, 5000, 1.0e-09, 4.0e-07, -0.01, 5, 6, 4.77684e-07, 7.02396e-07
124109305194527262, 5000, 1.0e-09, 4.0e-07, -0.01, 6, 4, 2.29361e-07, 9.97872e-08
6813392748169635428, 5000, 1.0e-09, 4.0e-07, -0.01, 3, 7, 7.77848e-08, 1.07792e-07
849261733556659915, 5000, 1.0e-09, 4.0e-07, -0.01, 7, 10, 2.12103e-06, 2.71773e-07
4898166643161370808, 5000, 1.0e-09, 4.0e-07, -0.01, 7, 2, 3.46939e-07, 4.79216e-08
7931235080832560318, 5000, 1.0e-09, 4.0e-07, -0.01, 3, 12, 1.41256e-07, 7.783e-07
6532998879503651243, 5000, 1.0e-09, 1.0e-07, -0.0001, 7, 5, 7.28337e-07, 1.91696e-06
5432653390109627635, 5000, 1.0e-09, 4.0e-07, -0.01, 0, 8, 0.0, 2.03428e-07
6936946638219880400, 5000, 1.0e-09, 6.0e-07, -0.0001, 3, 6, 2.68276e-06, 8.26663e-07
1341845395615161823, 5000, 1.0e-09, 6.0e-07, -0.0001, 5, 6, 7.86249e-07, 8.68957e-07
8178445573323402552, 5000, 1.0e-09, 6.0e-07, -0.0001, 5, 14, 2.16623e-06, 4.498e-06
8577233639899268234, 5000, 1.0e-09, 6.0e-07, -0.0001, 5, 12, 9.20967e-07, 1.27409e-06
2130273186657592690, 5000, 1.0e-09, 6.0e-07, -0.0001, 6, 9, 4.19703e-07, 1.31119e-06
1636169798318594906, 5000, 1.0e-09, 6.0e-07, -0.0001, 4, 13, 1.70191e-06, 5.25972e-06
7856267123237760325, 5000, 1.0e-09, 6.0e-07, -0.0001, 3, 13, 1.03745e-07, 5.40591e-06
1285883173391418919, 5000, 1.0e-09, 6.0e-07, -0.0001, 9, 12, 4.32277e-06, 8.44036e-07
2632299000111957010, 5000, 1.0e-09, 6.0e-07, -0.0001, 5, 8, 1.29587e-06, 5.31806e-07
4995487889034923176, 5000, 1.0e-09, 1.0e-07, -0.0001, 8, 4, 2.24282e-06, 1.77152e-07
2729709625269146244, 5000, 1.0e-09, 6.0e-07, -0.0001, 10, 4, 3.25056e-06, 5.99112e-08
1203625639837959350, 5000, 1.0e-09, 6.0e-07, -0.0001, 7, 9, 7.38282e-07, 4.33897e-07
2352253340732371748, 5000, 1.0e-09, 6.0e-07, -0.0001, 5, 11, 3.0264e-06, 1.84646e-06
2235234317525137126, 5000, 1.0e-09, 6.0e-07, -0.0001, 6, 7, 7.46536e-07, 2.24827e-06
4576510432354438304, 5000, 1.0e-09, 6.0e-07, -0.0001, 6, 10, 3.78214e-06, 2.54409e-06
7319432112009263404, 5000, 1.0e-09, 6.0e-07, -0.0001, 5, 9, 5.62955e-06, 3.74053e-06
4870589001205028669, 5000, 1.0e-09, 6.0e-07, -0.0001, 4, 8, 2.59924e-08, 2.91506e-06
5390180811544440392, 5000, 1.0e-09, 6.0e-07, -0.0001, 1, 16, 1.39916e-08, 9.86084e-06
8339345172006193221, 5000, 1.0e-09, 6.0e-07, -0.0001, 9, 10, 5.29662e-07, 4.03008e-06
3578228224174917082, 5000, 1.0e-09, 6.0e-07, -0.0001, 5, 8, 2.22434e-07, 6.66572e-06
3450293393063713183, 5000, 1.0e-09, 1.0e-07, -0.0001, 4, 6, 1.64303e-06, 1.0027e-06
4153169266356150276, 5000, 1.0e-09, 6.0e-07, -0.0001, 4, 6, 1.45505e-06, 2.48179e-06
4821338458620683951, 5000, 1.0e-09, 6.0e-07, -0.001, 4, 10, 3.76074e-07, 1.45022e-06
5889023269919471994, 5000, 1.0e-09, 6.0e-07, -0.001, 7, 9, 2.09978e-06, 1.4066e-06
689559975798900185, 5000, 1.0e-09, 6.0e-07, -0.001, 7, 4, 1.83376e-06, 5.01038e-07
5402152294169918531, 5000, 1.0e-09, 6.0e-07, -0.001, 1, 12, 3.36185e-07, 2.3834e-06
9107590790090830985, 5000, 1.0e-09, 6.0e-07, -0.001, 6, 9, 4.61769e-07, 1.27499e-06
1348275955637127855, 5000, 1.0e-09, 6.0e-07, -0.001, 3, 10, 3.42385e-07, 1.70887e-06
4711218812389315002, 5000, 1.0e-09, 6.0e-07, -0.001, 4, 8, 4.99612e-08, 4.27712e-06
4169350144950305443, 5000, 1.0e-09, 6.0e-07, -0.001, 6, 12, 7.99236e-08, 1.36854e-06
7515538436471187590, 5000, 1.0e-09, 6.0e-07, -0.001, 5, 6, 2.7933e-07, 3.30199e-07
1203600066213854166, 5000, 1.0e-09, 1.0e-07, -0.0001, 3, 8, 5.07873e-07, 6.23627e-07
2370982588576781331, 5000, 1.0e-09, 6.0e-07, -0.001, 8, 8, 2.3713e-06, 1.842e-06
6743553535296536545, 5000, 1.0e-09, 6.0e-07, -0.001, 2, 16, 2.25629e-06, 2.81527e-06
2784633961053089360, 5000, 1.0e-09, 6.0e-07, -0.001, 7, 16, 2.32726e-06, 8.16503e-06
947029229284995207, 5000, 1.0e-09, 6.0e-07, -0.001, 3, 11, 1.27268e-07, 1.39382e-06
4336343999260283365, 5000, 1.0e-09, 6.0e-07, -0.001, 9, 6, 1.14513e-06, 1.83185e-06
4655078816313558186, 5000, 1.0e-09, 6.0e-07, -0.001, 3, 5, 7.78436e-08, 3.43055e-07
3425164402085755515, 5000, 1.0e-09, 6.0e-07, -0.001, 11, 7, 5.03202e-06, 9.19707e-07
1338938148377159080, 5000, 1.0e-09, 6.0e-07, -0.001, 4, 5, 2.05184e-06, 5.4147e-07
1468851849140344347, 5000, 1.0e-09, 6.0e-07, -0.001, 7, 6, 5.45025e-06, 1.21034e-06
376693735487134004, 5000, 1.0e-09, 6.0e-07, -0.001, 2, 8, 1.19972e-08, 7.73126e-07
4395753491543154753, 5000, 1.0e-09, 1.0e-07, -0.001, 8, 5, 1.08098e-06, 2.44894e-06
490505362108198481, 5000, 1.0e-09, 6.0e-07, -0.001, 6, 5, 1.1759e-06, 1.05183e-06
21116713306170577, 5000, 1.0e-09, 6.0e-07, -0.01, 1, 9, 7.12691e-07, 3.60939e-07
8893245219573235717, 5000, 1.0e-09, 6.0e-07, -0.01, 1, 4, 3.9996e-09, 2.39904e-08
4892567337734883024, 5000, 1.0e-09, 6.0e-07, -0.01, 5, 4, 1.12362e-06, 5.6888e-07
3995686087406561311, 5000, 1.0e-09, 6.0e-07, -0.01, 4, 4, 8.4755e-07, 4.79035e-07
2919120103259223913, 5000, 1.0e-09, 6.0e-07, -0.01, 4, 6, 1.19384e-07, 8.9804e-08
2253882326107714438, 5000, 1.0e-09, 6.0e-07, -0.01, 2, 5, 2.92937e-06, 2.96292e-07
5515677000760562610, 5000, 1.0e-09, 6.0e-07, -0.01, 9, 5, 3.61064e-06, 1.655e-07
5132561415476402474, 5000, 1.0e-09, 6.0e-07, -0.01, 6, 6, 3.63867e-06, 3.51355e-07
83564210358588196, 5000, 1.0e-09, 6.0e-07, -0.01, 6, 10, 2.34972e-06, 4.44084e-07
1338426772068244332, 5000, 1.0e-09, 1.0e-07, -0.001, 6, 10, 1.58833e-06, 1.24344e-06
2194383812861921488, 5000, 1.0e-09, 6.0e-07, -0.01, 2, 8, 2.91707e-07, 3.38481e-07
3522392837584919987, 5000, 1.0e-09, 6.0e-07, -0.01, 1, 8, 1.79378e-06, 4.29589e-07
7738366758224767338, 5000, 1.0e-09, 6.0e-07, -0.01, 3, 12, 1.17157e-06, 1.0035e-06
7161813702401589309, 5000, 1.0e-09, 6.0e-07, -0.01, 7, 0, 5.02742e-06, 0.0
1212367296568281419, 5000, 1.0e-09, 6.0e-07, -0.01, 5, 4, 1.85974e-06, 4.39384e-08
5114401813940003216, 5000, 1.0e-09, 6.0e-07, -0.01, 1, 8, 2.9958e-08, 1.93439e-07
1614840115853049889, 5000, 1.0e-09, 6.0e-07, -0.01, 6, 7, 5.62501e-07, 1.91634e-07
4798230601381290815, 5000, 1.0e-09, 6.0e-07, -0.01, 4, 5, 4.86473e-06, 2.79932e-08
8654503010842826557, 5000, 1.0e-09, 6.0e-07, -0.01, 6, 5, 1.44645e-06, 1.35628e-07
8542523655522504129, 5000, 1.0e-09, 6.0e-07, -0.01, 3, 7, 3.79667e-07, 3.0038e-07
3642666217735757282, 5000, 1.0e-09, 1.0e-07, -0.001, 4, 12, 2.12003e-06, 4.80986e-06
6361195451571928164, 5000, 1.0e-09, 6.0e-07, -0.01, 8, 3, 1.35752e-06, 3.19764e-08
329707124442876450, 5000, 2.0e-09, 1.0e-07, -0.0001, 9, 18, 6.9486e-07, 5.71246e-06
8049310362279357561, 5000, 2.0e-09, 1.0e-07, -0.0001, 5, 18, 2.43567e-06, 3.4058e-06
642266598565297405, 5000, 2.0e-09, 1.0e-07, -0.0001, 8, 11, 1.69481e-06, 1.69545e-06
4659962112491507446, 5000, 2.0e-09, 1.0e-07, -0.0001, 9, 22, 1.87214e-06, 3.3645e-06
6807890498826672655, 5000, 2.0e-09, 1.0e-07, -0.0001, 4, 21, 1.57256e-06, 3.22458e-06
4351901584423282713, 5000, 2.0e-09, 1.0e-07, -0.0001, 9, 13, 2.12061e-06, 2.20634e-06
7781268148465684892, 5000, 2.0e-09, 1.0e-07, -0.0001, 14, 15, 7.92822e-06, 2.54306e-06
7627644629476456543, 5000, 2.0e-09, 1.0e-07, -0.0001, 8, 19, 3.93635e-06, 5.43783e-06
5448725639925551171, 5000, 2.0e-09, 1.0e-07, -0.0001, 11, 21, 5.51899e-07, 3.82392e-06
7440126099250716340, 5000, 1.0e-09, 1.0e-07, -0.001, 9, 18, 8.13889e-07, 3.44646e-06
6390227443221155274, 5000, 2.0e-09, 1.0e-07, -0.0001, 7, 12, 2.89329e-06, 6.42822e-06
119664359273928801, 5000, 2.0e-09, 1.0e-07, -0.0001, 7, 23, 1.00974e-06, 4.48495e-06
3354867168546254216, 5000, 2.0e-09, 1.0e-07, -0.0001, 11, 19, 2.18324e-06, 2.79458e-06
4851749961798942556, 5000, 2.0e-09, 1.0e-07, -0.0001, 8, 21, 4.1305e-06, 3.48609e-06
8571187348302317694, 5000, 2.0e-09, 1.0e-07, -0.0001, 13, 22, 5.4667e-06, 1.19455e-05
2173342390235606323, 5000, 2.0e-09, 1.0e-07, -0.0001, 8, 16, 1.66419e-06, 9.89629e-06
2639397759524654101, 5000, 2.0e-09, 1.0e-07, -0.0001, 11, 18, 1.77096e-06, 3.67518e-06
743840574612132798, 5000, 2.0e-09, 1.0e-07, -0.0001, 8, 14, 1.73808e-06, 2.78496e-06
6350233911976943842, 5000, 2.0e-09, 1.0e-07, -0.0001, 6, 24, 6.39277e-07, 5.30605e-06
607788785189206057, 5000, 2.0e-09, 1.0e-07, -0.0001, 12, 25, 4.93225e-06, 6.30765e-06
1349670654754337055, 5000, 1.0e-09, 1.0e-07, -0.001, 7, 3, 2.36702e-06, 7.58096e-08
102159061877714035, 5000, 2.0e-09, 1.0e-07, -0.0001, 12, 18, 4.29171e-06, 6.98157e-06
2267390584441394656, 5000, 2.0e-09, 1.0e-07, -0.001, 6, 16, 2.57139e-07, 3.89409e-06
5191002669454517028, 5000, 2.0e-09, 1.0e-07, -0.001, 6, 12, 1.35203e-06, 2.19041e-06
2787067497021489573, 5000, 2.0e-09, 1.0e-07, -0.001, 12, 22, 2.17113e-06, 7.31508e-06
8372347102860987623, 5000, 2.0e-09, 1.0e-07, -0.001, 10, 14, 1.53715e-06, 4.81204e-06
6989619642588450761, 5000, 2.0e-09, 1.0e-07, -0.001, 8, 20, 7.02747e-06, 8.05303e-06
7132429528325198860, 5000, 2.0e-09, 1.0e-07, -0.001, 9, 15, 3.44856e-06, 3.30859e-06
3092351200404254379, 5000, 2.0e-09, 1.0e-07, -0.001, 7, 16, 2.81107e-07, 2.6223e-06
6630970160409222354, 5000, 2.0e-09, 1.0e-07, -0.001, 12, 17, 2.51413e-06, 7.73602e-06
465199382809396101, 5000, 2.0e-09, 1.0e-07, -0.001, 11, 17, 6.91651e-06, 7.66665e-06
6941376383745892285, 5000, 1.0e-09, 1.0e-07, -0.001, 4, 8, 1.14652e-06, 3.42064e-06
322088116725716601, 5000, 2.0e-09, 1.0e-07, -0.001, 7, 20, 1.22764e-06, 6.21763e-06
4228537557126003092, 5000, 2.0e-09, 1.0e-07, -0.001, 10, 15, 5.20064e-06, 7.57078e-06
9014879505924731518, 5000, 2.0e-09, 1.0e-07, -0.001, 13, 17, 9.66559e-07, 1.2587e-06
1024574328967747624, 5000, 2.0e-09, 1.0e-07, -0.001, 8, 20, 7.69702e-07, 7.93734e-06
7572554332452100206, 5000, 2.0e-09, 1.0e-07, -0.001, 7, 23, 3.16196e-06, 8.36897e-06
4834664151116242308, 5000, 2.0e-09, 1.0e-07, -0.001, 9, 18, 2.23173e-06, 1.59053e-06
9189453088366385410, 5000, 2.0e-09, 1.0e-07, -0.001, 15, 18, 2.21807e-06, 2.03286e-06
8628253576798620217, 5000, 2.0e-09, 1.0e-07, -0.001, 11, 9, 2.92341e-06, 1.35468e-06
1106370212823855747, 5000, 2.0e-09, 1.0e-07, -0.001, 10, 24, 7.3129e-06, 1.42084e-05
1364812504864078570, 5000, 2.0e-09, 1.0e-07, -0.001, 10, 20, 7.23936e-06, 1.91401e-06
6684016578790154708, 5000, 1.0e-09, 1.0e-07, -0.001, 6, 11, 1.71306e-06, 2.04848e-06
6969474144398278678, 5000, 2.0e-09, 1.0e-07, -0.001, 15, 13, 3.57907e-06, 2.91635e-06
5973992824658123852, 5000, 2.0e-09, 1.0e-07, -0.01, 11, 15, 9.51701e-07, 8.44993e-07
4154947635554033435, 5000, 2.0e-09, 1.0e-07, -0.01, 3, 11, 5.1909e-07, 2.88056e-07
213954225709633148, 5000, 2.0e-09, 1.0e-07, -0.01, 11, 8, 1.20128e-06, 6.19404e-08
2619419704966330997, 5000, 2.0e-09, 1.0e-07, -0.01, 11, 11, 1.69527e-06, 1.21776e-07
6803832977814173289, 5000, 2.0e-09, 1.0e-07, -0.01, 9, 11, 6.89619e-07, 1.69771e-07
4555937119841457007, 5000, 2.0e-09, 1.0e-07, -0.01, 8, 13, 5.36699e-06, 1.39335e-06
1383678416564261161, 5000, 2.0e-09, 1.0e-07, -0.01, 11, 14, 2.96554e-06, 5.65869e-07
9131905385228837714, 5000, 2.0e-09, 1.0e-07, -0.01, 11, 9, 2.74557e-06, 1.92901e-07
2726848898687526091, 5000, 2.0e-09, 1.0e-07, -0.01, 8, 11, 1.29093e-06, 4.48299e-07
1083338896544481654, 5000, 1.0e-09, 1.0e-07, -0.001, 1, 10, 2.52748e-07, 3.5266e-06
943191404827027969, 5000, 2.0e-09, 1.0e-07, -0.01, 5, 10, 1.65659e-06, 4.15798e-07
4178498120082458633, 5000, 2.0e-09, 1.0e-07, -0.01, 10, 14, 1.21614e-06, 5.08506e-07
7481859209824246692, 5000, 2.0e-09, 1.0e-07, -0.01, 8, 18, 3.31964e-06, 1.06526e-06
2591580437625256680, 5000, 2.0e-09, 1.0e-07, -0.01, 7, 8, 1.99781e-06, 1.67598e-07
7507942254071933475, 5000, 2.0e-09, 1.0e-07, -0.01, 9, 14, 1.6403e-06, 6.67415e-07
12301545537100744, 5000, 2.0e-09, 1.0e-07, -0.01, 4, 13, 9.89427e-07, 1.02047e-06
1906111154849097386, 5000, 2.0e-09, 1.0e-07, -0.01, 10, 12, 5.07904e-06, 5.60972e-07
6121502757107397095, 5000, 2.0e-09, 1.0e-07, -0.01, 12, 24, 5.27825e-06, 1.27015e-06
2340383028609244880, 5000, 2.0e-09, 1.0e-07, -0.01, 10, 9, 8.21563e-07, 8.83822e-07
2810840377529102027, 5000, 2.0e-09, 1.0e-07, -0.01, 14, 11, 4.06238e-06, 2.65422e-07
7900033638348577314, 5000, 1.0e-09, 1.0e-07, -0.001, 7, 11, 1.28891e-06, 2.21454e-06
1580621246153590541, 5000, 1.0e-09, 1.0e-07, -0.0001, 3, 8, 3.69185e-07, 7.7882e-08
8737660957264579154, 5000, 2.0e-09, 1.0e-07, -0.01, 5, 13, 1.31733e-06, 9.88906e-07
7832708622956046634, 5000, 2.0e-09, 2.0e-07, -0.0001, 7, 19, 4.5571e-07, 6.2599e-06
7276672377383199681, 5000, 2.0e-09, 2.0e-07, -0.0001, 13, 12, 2.00712e-06, 3.59666e-06
8313071527124698334, 5000, 2.0e-09, 2.0e-07, -0.0001, 11, 15, 2.3599e-06, 1.02525e-05
3944514001067566970, 5000, 2.0e-09, 2.0e-07, -0.0001, 10, 18, 7.89073e-07, 4.41531e-06
5007899357668863817, 5000, 2.0e-09, 2.0e-07, -0.0001, 12, 14, 1.73044e-06, 3.76744e-06
4657215139631548061, 5000, 2.0e-09, 2.0e-07, -0.0001, 10, 22, 5.17605e-06, 2.27149e-06
33316502737875431, 5000, 2.0e-09, 2.0e-07, -0.0001, 13, 17, 1.06659e-05, 2.06652e-06
8124754384378460935, 5000, 2.0e-09, 2.0e-07, -0.0001, 8, 21, 9.81064e-07, 8.50073e-06
9222865073194513706, 5000, 2.0e-09, 2.0e-07, -0.0001, 9, 14, 6.75592e-06, 1.25774e-06
6439848822521279330, 5000, 1.0e-09, 1.0e-07, -0.001, 7, 9, 9.14767e-07, 2.77276e-07
2689588687816303824, 5000, 2.0e-09, 2.0e-07, -0.0001, 11, 24, 5.08757e-06, 8.78506e-06
7985902146304171484, 5000, 2.0e-09, 2.0e-07, -0.0001, 11, 15, 4.37426e-06, 6.69339e-06
1746860098826651580, 5000, 2.0e-09, 2.0e-07, -0.0001, 10, 17, 3.05086e-06, 7.87301e-06
739863787716762275, 5000, 2.0e-09, 2.0e-07, -0.0001, 4, 18, 2.56799e-07, 4.60118e-06
767997177688166556, 5000, 2.0e-09, 2.0e-07, -0.0001, 9, 20, 2.3328e-07, 8.72117e-06
5245574776055489891, 5000, 2.0e-09, 2.0e-07, -0.0001, 7, 25, 8.11133e-07, 2.84039e-06
6277312359594594240, 5000, 2.0e-09, 2.0e-07, -0.0001, 16, 15, 4.01778e-06, 1.07018e-05
6937963468113360708, 5000, 2.0e-09, 2.0e-07, -0.0001, 8, 9, 5.78502e-07, 2.8818e-06
7130500133731043143, 5000, 2.0e-09, 2.0e-07, -0.0001, 8, 15, 6.2754e-06, 7.06727e-06
4978355568488120177, 5000, 2.0e-09, 2.0e-07, -0.0001, 8, 20, 2.49708e-06, 4.85843e-06
1619885498487307262, 5000, 1.0e-09, 1.0e-07, -0.001, 3, 13, 5.42818e-07, 6.3898e-07
8624064744482476696, 5000, 2.0e-09, 2.0e-07, -0.0001, 8, 16, 1.4112e-06, 1.81145e-06
48241304449943580, 5000, 2.0e-09, 2.0e-07, -0.001, 6, 20, 7.24465e-07, 2.90252e-06
6021260076393713498, 5000, 2.0e-09, 2.0e-07, -0.001, 6, 31, 1.70231e-06, 4.27923e-06
2966142506569849683, 5000, 2.0e-09, 2.0e-07, -0.001, 11, 24, 1.3486e-06, 8.18168e-06
3996458204812853907, 5000, 2.0e-09, 2.0e-07, -0.001, 13, 14, 7.56339e-06, 2.31764e-06
5353818064563076923, 5000, 2.0e-09, 2.0e-07, -0.001, 1, 19, 5.9988e-09, 3.94467e-06
5966483563405208514, 5000, 2.0e-09, 2.0e-07, -0.001, 6, 17, 1.10442e-06, 4.85376e-06
2045884877716801364, 5000, 2.0e-09, 2.0e-07, -0.001, 12, 20, 4.12944e-06, 2.88087e-06
7630887722044832486, 5000, 2.0e-09, 2.0e-07, -0.001, 16, 19, 2.33373e-06, 2.67337e-06
3199056259433303446, 5000, 2.0e-09, 2.0e-07, -0.001, 10, 14, 1.95435e-06, 8.20861e-07
4884193310726528978, 5000, 1.0e-09, 1.0e-07, -0.001, 9, 9, 1.12428e-06, 9.34614e-07
5637729527846635653, 5000, 2.0e-09, 2.0e-07, -0.001, 18, 16, 4.81341e-06, 3.31433e-06
4787086334211945152, 5000, 2.0e-09, 2.0e-07, -0.001, 7, 19, 1.20465e-06, 1.80913e-06
4947421296098228161, 5000, 2.0e-09, 2.0e-07, -0.001, 9, 15, 8.16024e-07, 1.81954e-06
6129893635875604481, 5000, 2.0e-09, 2.0e-07, -0.001, 12, 12, 2.01978e-06, 9.5553e-07
8078631685539601031, 5000, 2.0e-09, 2.0e-07, -0.001, 5, 16, 8.08148e-07, 2.05502e-06
3913608895073631576, 5000, 2.0e-09, 2.0e-07, -0.001, 11, 22, 8.03663e-06, 8.16557e-06
5307904082103586887, 5000, 2.0e-09, 2.0e-07, -0.001, 9, 15, 6.34542e-06, 3.24593e-06
5786349472581101336, 5000, 2.0e-09, 2.0e-07, -0.001, 10, 13, 5.38656e-06, 1.06099e-06
2266349193100816935, 5000, 2.0e-09, 2.0e-07, -0.001, 8, 24, 6.39547e-07, 6.59302e-06
6047025682801326038, 5000, 2.0e-09, 2.0e-07, -0.001, 8, 16, 3.92492e-06, 4.73487e-06
2804892215858173122, 5000, 1.0e-09, 1.0e-07, -0.001, 3, 6, 8.55711e-07, 3.61936e-07
7043419469667396771, 5000, 2.0e-09, 2.0e-07, -0.001, 5, 17, 7.23586e-07, 3.78191e-06
278420273332054911, 5000, 2.0e-09, 2.0e-07, -0.01, 14, 15, 5.02486e-06, 8.08579e-07
2216442002505953046, 5000, 2.0e-09, 2.0e-07, -0.01, 13, 10, 5.48138e-06, 2.88338e-07
994146958058848245, 5000, 2.0e-09, 2.0e-07, -0.01, 5, 14, 1.19415e-06, 3.04209e-07
1580893051188341805, 5000, 2.0e-09, 2.0e-07, -0.01, 15, 13, 1.64002e-06, 6.66391e-07
4153758569129701894, 5000, 2.0e-09, 2.0e-07, -0.01, 11, 21, 1.40029e-06, 9.08979e-07
3855972877247022265, 5000, 2.0e-09, 2.0e-07, -0.01, 6, 10, 9.43154e-07, 4.47813e-07
2205956862226835687, 5000, 2.0e-09, 2.0e-07, -0.01, 5, 10, 6.76644e-07, 4.13491e-07
3294249503259930609, 5000, 2.0e-09, 2.0e-07, -0.01, 15, 13, 9.08591e-06, 5.84492e-07
7408184406850693671, 5000, 2.0e-09, 2.0e-07, -0.01, 19, 13, 9.83938e-06, 1.04342e-06
6109777843320203264, 5000, 1.0e-09, 1.0e-07, -0.001, 5, 17, 1.07639e-06, 2.05389e-06
3380763396303472196, 5000, 2.0e-09, 2.0e-07, -0.01, 9, 15, 2.05277e-07, 9.42694e-07
715969035548145718, 5000, 2.0e-09, 2.0e-07, -0.01, 9, 17, 4.54754e-06, 8.7055e-07
1960093276899789166, 5000, 2.0e-09, 2.0e-07, -0.01, 8, 16, 1.50041e-06, 1.09176e-06
5991928653859904079, 5000, 2.0e-09, 2.0e-07, -0.01, 15, 13, 3.39589e-06, 8.36515e-07
743932682535394451, 5000, 2.0e-09, 2.0e-07, -0.01, 8, 12, 5.35637e-06, 3.20581e-07
2794822698361643092, 5000, 2.0e-09, 2.0e-07, -0.01, 10, 14, 3.04778e-06, 5.55646e-07
1144819867059968197, 5000, 2.0e-09, 2.0e-07, -0.01, 12, 8, 2.75496e-06, 2.23478e-07
8929308835808664769, 5000, 2.0e-09, 2.0e-07, -0.01, 12, 10, 2.39775e-06, 3.66264e-07
426385526785676949, 5000, 2.0e-09, 2.0e-07, -0.01, 9, 24, 2.14914e-06, 6.36173e-07
1935075442715807544, 5000, 2.0e-09, 2.0e-07, -0.01, 11, 9, 3.47655e-06, 6.67699e-07
8469355665483847407, 5000, 1.0e-09, 1.0e-07, -0.001, 4, 6, 5.03163e-07, 1.95932e-06
1065742799689723721, 5000, 2.0e-09, 2.0e-07, -0.01, 16, 12, 7.63927e-06, 6.29095e-07
7567646432166907430, 5000, 2.0e-09, 4.0e-07, -0.0001, 4, 17, 8.51844e-07, 2.45539e-06
7448262938986794002, 5000, 2.0e-09, 4.0e-07, -0.0001, 12, 17, 3.37244e-06, 2.20107e-06
6774782636525727449, 5000, 2.0e-09, 4.0e-07, -0.0001, 5, 17, 1.70092e-06, 3.37579e-06
6857473136512230062, 5000, 2.0e-09, 4.0e-07, -0.0001, 9, 20, 2.19283e-06, 4.98963e-06
4413310262989440922, 5000, 2.0e-09, 4.0e-07, -0.0001, 6, 20, 1.43082e-06, 5.48128e-06
1958375262130517239, 5000, 2.0e-09, 4.0e-07, -0.0001, 8, 17, 2.07776e-06, 4.37251e-06
7023437513676937475, 5000, 2.0e-09, 4.0e-07, -0.0001, 17, 17, 6.94473e-06, 8.01246e-06
4447424925505836384, 5000, 2.0e-09, 4.0e-07, -0.0001, 11, 21, 1.87084e-06, 5.9259e-06
2117824424055125918, 5000, 2.0e-09, 4.0e-07, -0.0001, 14, 15, 1.0563e-05, 1.61005e-06
3709993820209943593, 5000, 1.0e-09, 1.0e-07, -0.001, 7, 6, 3.80981e-06, 5.32891e-07
4664270524777953885, 5000, 2.0e-09, 4.0e-07, -0.0001, 7, 14, 2.69028e-06, 4.01078e-06
2776305246965224799, 5000, 2.0e-09, 4.0e-07, -0.0001, 13, 21, 4.4994e-06, 6.93e-06
719625409518153730, 5000, 2.0e-09, 4.0e-07, -0.0001, 9, 22, 1.58292e-06, 8.80483e-06
1508612519678019587, 5000, 2.0e-09, 4.0e-07, -0.0001, 10, 22, 1.73602e-06, 6.30932e-06
9180282320181653159, 5000, 2.0e-09, 4.0e-07, -0.0001, 17, 16, 9.62132e-07, 1.43712e-06
5092498920721580178, 5000, 2.0e-09, 4.0e-07, -0.0001, 8, 18, 1.43562e-06, 7.18166e-06
1382754285755196191, 5000, 2.0e-09, 4.0e-07, -0.0001, 9, 16, 5.49162e-07, 1.85476e-06
5678425236456067010, 5000, 2.0e-09, 4.0e-07, -0.0001, 11, 18, 4.57322e-06, 1.30947e-05
2021517459896910898, 5000, 2.0e-09, 4.0e-07, -0.0001, 9, 22, 3.65258e-06, 6.80106e-06
573939227256958376, 5000, 2.0e-09, 4.0e-07, -0.0001, 11, 16, 1.74944e-06, 4.38947e-06
6262900025937850485, 5000, 1.0e-09, 1.0e-07, -0.001, 8, 8, 2.21111e-06, 2.78641e-07
1012414771237126899, 5000, 2.0e-09, 4.0e-07, -0.0001, 9, 17, 1.52173e-06, 3.58454e-06
7861594645094661441, 5000, 2.0e-09, 4.0e-07, -0.001, 11, 10, 7.96042e-07, 6.76905e-07
7635990794900975920, 5000, 2.0e-09, 4.0e-07, -0.001, 18, 17, 3.84349e-06, 6.51279e-06
3192798719491750803, 5000, 2.0e-09, 4.0e-07, -0.001, 6, 26, 8.67641e-07, 3.99099e-06
1334026223891334453, 5000, 2.0e-09, 4.0e-07, -0.001, 13, 20, 2.82573e-06, 5.20189e-06
4169484690817083034, 5000, 2.0e-09, 4.0e-07, -0.001, 16, 12, 9.03369e-06, 1.87338e-06
5558033041431081475, 5000, 2.0e-09, 4.0e-07, -0.001, 11, 17, 4.77783e-06, 4.67514e-06
2677244202584961761, 5000, 2.0e-09, 4.0e-07, -0.001, 7, 21, 1.10888e-06, 2.67348e-06
1454652845889426638, 5000, 2.0e-09, 4.0e-07, -0.001, 11, 21, 3.33078e-07, 4.5804e-06
2691702834434440421, 5000, 2.0e-09, 4.0e-07, -0.001, 9, 22, 4.19345e-06, 8.58421e-06
6871237696686304045, 5000, 1.0e-09, 1.0e-07, -0.001, 4, 4, 9.0324e-07, 3.44666e-07
2892310747663108967, 5000, 2.0e-09, 4.0e-07, -0.001, 15, 15, 2.48572e-06, 1.7242e-06
2861862619091726749, 5000, 2.0e-09, 4.0e-07, -0.001, 16, 13, 4.78491e-06, 3.30453e-06
5398898404566848067, 5000, 2.0e-09, 4.0e-07, -0.001, 9, 22, 4.81208e-06, 4.20465e-06
4051564447821555328, 5000, 2.0e-09, 4.0e-07, -0.001, 8, 18, 7.64742e-06, 7.76872e-06
2030643942679614938, 5000, 2.0e-09, 4.0e-07, -0.001, 7, 15, 4.12228e-06, 9.25004e-06
1850441362476725237, 5000, 2.0e-09, 4.0e-07, -0.001, 11, 21, 3.79573e-06, 4.36918e-06
3909518078793592361, 5000, 2.0e-09, 4.0e-07, -0.001, 9, 23, 1.49028e-06, 4.14512e-06
175434727625051998, 5000, 2.0e-09, 4.0e-07, -0.001, 9, 10, 1.61473e-06, 2.76083e-06
4626865290775647039, 5000, 2.0e-09, 4.0e-07, -0.001, 13, 19, 2.63774e-06, 5.64101e-06
6588116783097162404, 5000, 2.0e-09, 4.0e-07, -0.001, 6, 18, 3.57853e-06, 5.34232e-06
2768139832960751511, 5000, 1.0e-09, 1.0e-07, -0.001, 4, 3, 4.92574e-06, 3.59792e-08
6952249078314048280, 5000, 1.0e-09, 1.0e-07, -0.0001, 4, 14, 3.19847e-07, 2.5939e-06
3157891690824118054, 5000, 2.0e-09, 4.0e-07, -0.001, 8, 23, 1.85915e-06, 3.04843e-06
4255369305652766069, 5000, 2.0e-09, 4.0e-07, -0.01, 9, 10, 4.45841e-06, 7.31589e-07
7124736302397285150, 5000, 2.0e-09, 4.0e-07, -0.01, 6, 15, 4.22344e-06, 9.72127e-07
6852603661822920473, 5000, 2.0e-09, 4.0e-07, -0.01, 9, 12, 1.1379e-06, 5.86162e-07
5476605136802855682, 5000, 2.0e-09, 4.0e-07, -0.01, 12, 14, 4.67777e-06, 2.69305e-07
5600367408522149116, 5000, 2.0e-09, 4.0e-07, -0.01, 6, 11, 3.08719e-07, 3.05179e-07
7054356227318167347, 5000, 2.0e-09, 4.0e-07, -0.01, 14, 14, 7.10075e-06, 1.05481e-06
4804743143368859656, 5000, 2.0e-09, 4.0e-07, -0.01, 7, 11, 7.54175e-07, 5.26778e-07
6781853568273165750, 5000, 2.0e-09, 4.0e-07, -0.01, 8, 13, 3.06662e-06, 9.99164e-07
6650041733234492026, 5000, 2.0e-09, 4.0e-07, -0.01, 13, 12, 1.70151e-06, 6.33982e-07
5864025740721011046, 5000, 1.0e-09, 1.0e-07, -0.001, 4, 17, 2.82049e-06, 3.61978e-06
2372950845654108705, 5000, 2.0e-09, 4.0e-07, -0.01, 12, 13, 2.47364e-06, 3.01329e-07
8894930142667447468, 5000, 2.0e-09, 4.0e-07, -0.01, 9, 7, 6.03645e-06, 1.07636e-07
6655063730269630827, 5000, 2.0e-09, 4.0e-07, -0.01, 9, 9, 2.89246e-06, 4.05081e-07
3771256126236743194, 5000, 2.0e-09, 4.0e-07, -0.01, 14, 9, 4.70109e-06, 1.03873e-07
8910658757164151608, 5000, 2.0e-09, 4.0e-07, -0.01, 9, 11, 4.62482e-06, 3.40844e-07
8184785036789568744, 5000, 2.0e-09, 4.0e-07, -0.01, 5, 14, 1.66972e-06, 4.36121e-07
96060328348979864, 5000, 2.0e-09, 4.0e-07, -0.01, 7, 16, 8.65753e-07, 7.42875e-07
6917752959069474789, 5000, 2.0e-09, 4.0e-07, -0.01, 14, 18, 5.66626e-06, 6.725e-07
5976809880264471285, 5000, 2.0e-09, 4.0e-07, -0.01, 10, 13, 8.38347e-06, 3.17421e-07
6702917831942583370, 5000, 2.0e-09, 4.0e-07, -0.01, 9, 15, 4.36153e-07, 8.72985e-07
1752766669334489717, 5000, 1.0e-09, 1.0e-07, -0.01, 2, 10, 5.9996e-09, 7.28417e-07
1202996690907938736, 5000, 2.0e-09, 4.0e-07, -0.01, 10, 15, 1.45303e-06, 6.1466e-07
7595701022210166565, 5000, 2.0e-09, 6.0e-07, -0.0001, 9, 14, 1.25622e-06, 7.01226e-06
516752491371831905, 5000, 2.0e-09, 6.0e-07, -0.0001, 8, 19, 3.57713e-06, 2.6078e-06
8034340126010281760, 5000, 2.0e-09, 6.0e-07, -0.0001, 10, 18, 3.33753e-06, 6.63697e-06
9046096836522540167, 5000, 2.0e-09, 6.0e-07, -0.0001, 15, 19, 1.13905e-05, 6.77447e-06
981868679576820655, 5000, 2.0e-09, 6.0e-07, -0.0001, 9, 19, 6.83528e-07, 7.39201e-06
4098166703584036268, 5000, 2.0e-09, 6.0e-07, -0.0001, 18, 25, 5.16331e-06, 4.02437e-06
2880191569886910169, 5000, 2.0e-09, 6.0e-07, -0.0001, 13, 17, 9.25133e-07, 5.5094e-06
1441702666091228475, 5000, 2.0e-09, 6.0e-07, -0.0001, 17, 26, 3.26765e-06, 1.10468e-05
7226559740109871436, 5000, 2.0e-09, 6.0e-07, -0.0001, 11, 21, 1.9168e-06, 2.57334e-06
3674977889976608566, 5000, 1.0e-09, 1.0e-07, -0.01, 9, 3, 3.16694e-06, 5.78948e-08
4249351537366722206, 5000, 2.0e-09, 6.0e-07, -0.0001, 12, 15, 8.95879e-06, 8.87169e-06
3910875629941276190, 5000, 2.0e-09, 6.0e-07, -0.0001, 3, 19, 4.50575e-07, 2.30132e-06
5147685934997814955, 5000, 2.0e-09, 6.0e-07, -0.0001, 8, 14, 1.69645e-07, 5.48451e-06
9071525156641667336, 5000, 2.0e-09, 6.0e-07, -0.0001, 7, 13, 6.80608e-07, 1.46646e-06
2417487492089536924, 5000, 2.0e-09, 6.0e-07, -0.0001, 12, 25, 4.70351e-06, 4.32479e-06
2116652871863711064, 5000, 2.0e-09, 6.0e-07, -0.0001, 7, 23, 7.74525e-07, 3.97619e-06
2984704859541242565, 5000, 2.0e-09, 6.0e-07, -0.0001, 5, 19, 1.64556e-06, 6.98602e-06
7627056321218480156, 5000, 2.0e-09, 6.0e-07, -0.0001, 5, 15, 3.19835e-06, 1.80537e-06
7425108600660862079, 5000, 2.0e-09, 6.0e-07, -0.0001, 7, 20, 2.90125e-07, 1.45447e-05
5420669812380349496, 5000, 2.0e-09, 6.0e-07, -0.0001, 11, 22, 4.67108e-06, 4.01054e-06
1855793381800647239, 5000, 1.0e-09, 1.0e-07, -0.01, 8, 6, 6.08913e-07, 4.39572e-08
7881931641270282119, 5000, 2.0e-09, 6.0e-07, -0.0001, 10, 11, 6.1787e-06, 2.69921e-06
3362382510134951628, 5000, 2.0e-09, 6.0e-07, -0.001, 11, 13, 1.89174e-06, 4.03096e-06
6991665703035917255, 5000, 2.0e-09, 6.0e-07, -0.001, 13, 16, 2.81839e-06, 2.34045e-06
6307101143696373706, 5000, 2.0e-09, 6.0e-07, -0.001, 7, 18, 5.2975e-06, 8.37111e-06
6511528711577342016, 5000, 2.0e-09, 6.0e-07, -0.001, 11, 17, 5.2053e-06, 1.75193e-06
7669611016406262232, 5000, 2.0e-09, 6.0e-07, -0.001, 9, 15, 2.1761e-06, 3.90765e-06
2107486294709092005, 5000, 2.0e-09, 6.0e-07, -0.001, 12, 15, 2.88982e-06, 1.89231e-06
4729977970649404233, 5000, 2.0e-09, 6.0e-07, -0.001, 9, 18, 1.82171e-06, 4.44702e-06
8062077542626894187, 5000, 2.0e-09, 6.0e-07, -0.001, 10, 16, 2.73368e-06, 2.00669e-06
6593420897467859536, 5000, 2.0e-09, 6.0e-07, -0.001, 9, 15, 1.83035e-06, 3.05263e-06
8815584111358077794, 5000, 1.0e-09, 1.0e-07, -0.01, 5, 10, 3.8821e-06, 2.22448e-07
4424991109392521817, 5000, 2.0e-09, 6.0e-07, -0.001, 21, 8, 1.19112e-05, 1.36995e-06
7648054202644440137, 5000, 2.0e-09, 6.0e-07, -0.001, 5, 17, 1.99014e-07, 2.71737e-06
4659171583426466055, 5000, 2.0e-09, 6.0e-07, -0.001, 14, 12, 2.55722e-06, 6.20285e-07
364599998310763051, 5000, 2.0e-09, 6.0e-07, -0.001, 6, 15, 2.15154e-07, 2.07818e-06
6937325354604931038, 5000, 2.0e-09, 6.0e-07, -0.001, 10, 19, 7.76199e-06, 4.75934e-06
5855739642676236923, 5000, 2.0e-09, 6.0e-07, -0.001, 8, 17, 2.19728e-06, 1.47884e-06
6737401593522844164, 5000, 2.0e-09, 6.0e-07, -0.001, 4, 17, 3.27749e-06, 6.43306e-07
8319403474860316980, 5000, 2.0e-09, 6.0e-07, -0.001, 8, 12, 1.36681e-06, 8.98324e-07
1981508085749182520, 5000, 2.0e-09, 6.0e-07, -0.001, 10, 12, 4.0902e-07, 5.37616e-06
4786627672277066494, 5000, 2.0e-09, 6.0e-07, -0.001, 10, 15, 2.03095e-06, 4.30225e-06
611098886573422934, 5000, 1.0e-09, 1.0e-07, -0.01, 1, 7, 5.9826e-08, 2.95581e-07
8518918484501379840, 5000, 2.0e-09, 6.0e-07, -0.001, 13, 7, 3.08774e-06, 6.56456e-07
5302707086231496401, 5000, 2.0e-09, 6.0e-07, -0.01, 9, 19, 2.69109e-06, 6.48835e-07
2965809714738323122, 5000, 2.0e-09, 6.0e-07, -0.01, 13, 16, 2.37392e-06, 2.19897e-06
5842809928111287602, 5000, 2.0e-09, 6.0e-07, -0.01, 13, 6, 2.82878e-06, 1.51433e-07
7856874246914269350, 5000, 2.0e-09, 6.0e-07, -0.01, 8, 10, 9.58985e-07, 1.22084e-06
4113779352921265919, 5000, 2.0e-09, 6.0e-07, -0.01, 10, 22, 1.13004e-06, 5.84055e-07
8712797007931485108, 5000, 2.0e-09, 6.0e-07, -0.01, 4, 18, 4.5938e-08, 1.06004e-06
2500801384509972610, 5000, 2.0e-09, 6.0e-07, -0.01, 14, 10, 7.80608e-06, 4.9223e-07
259645717744988665, 5000, 2.0e-09, 6.0e-07, -0.01, 6, 11, 9.9968e-07, 1.957e-07
8422456156861466881, 5000, 2.0e-09, 6.0e-07, -0.01, 5, 15, 2.35885e-07, 8.26222e-07
3385404648485293737, 5000, 1.0e-09, 1.0e-07, -0.01, 4, 6, 1.59047e-07, 2.60967e-07
2295654863780621498, 5000, 2.0e-09, 6.0e-07, -0.01, 9, 19, 1.22545e-06, 4.00882e-07
3834475390860780854, 5000, 2.0e-09, 6.0e-07, -0.01, 8, 17, 1.73256e-06, 8.40991e-07
497503117213797278, 5000, 2.0e-09, 6.0e-07, -0.01, 5, 17, 1.52262e-06, 6.08563e-07
3139365831228432550, 5000, 2.0e-09, 6.0e-07, -0.01, 10, 8, 1.75742e-06, 5.05867e-07
110885436846184619, 5000, 2.0e-09, 6.0e-07, -0.01, 14, 15, 6.49515e-06, 8.67308e-07
6526352918597933851, 5000, 2.0e-09, 6.0e-07, -0.01, 7, 13, 2.03139e-06, 7.50239e-07
6726127906557408447, 5000, 2.0e-09, 6.0e-07, -0.01, 12, 13, 4.76371e-06, 1.23126e-06
3232047291471206418, 5000, 2.0e-09, 6.0e-07, -0.01, 9, 16, 4.21207e-06, 8.04004e-07
1774307723931676465, 5000, 2.0e-09, 6.0e-07, -0.01, 5, 13, 6.70301e-07, 6.9163e-07
6078218991696995001, 5000, 2.0e-09, 6.0e-07, -0.01, 15, 14, 4.52751e-06, 1.41694e-06
3946161831248071259, 5000, 1.0e-09, 1.0e-07, -0.01, 5, 6, 4.62451e-06, 2.4916e-07
6503199765202401205, 5000, 2.0e-09, 6.0e-07, -0.01, 17, 12, 5.83422e-06, 3.43014e-07
6802900525370252995, 5000, 3.0e-09, 1.0e-07, -0.0001, 11, 23, 1.94779e-06, 9.14867e-06
8794515457437694555, 5000, 3.0e-09, 1.0e-07, -0.0001, 17, 33, 5.01519e-06, 7.81689e-06
101064146171860285, 5000, 3.0e-09, 1.0e-07, -0.0001, 13, 26, 2.26807e-06, 7.71988e-06
4103958219043570902, 5000, 3.0e-09, 1.0e-07, -0.0001, 18, 34, 9.82111e-06, 1.60294e-05
4700656828429074977, 5000, 3.0e-09, 1.0e-07, -0.0001, 14, 31, 3.15197e-06, 1.44895e-05
8537461125944784052, 5000, 3.0e-09, 1.0e-07, -0.0001, 14, 22, 8.03189e-06, 6.92579e-06
6174675419942892080, 5000, 3.0e-09, 1.0e-07, -0.0001, 18, 24, 4.24857e-06, 4.37026e-06
7414515449917480176, 5000, 3.0e-09, 1.0e-07, -0.0001, 20, 30, 5.56683e-06, 1.00157e-05
1520878963431901563, 5000, 3.0e-09, 1.0e-07, -0.0001, 20, 24, 5.10884e-06, 6.7766e-06
6253950038377500313, 5000, 1.0e-09, 1.0e-07, -0.01, 8, 4, 7.45263e-07, 1.49033e-07
304668315211181972, 5000, 3.0e-09, 1.0e-07, -0.0001, 16, 22, 2.39377e-06, 3.92129e-06
5014264464057479629, 5000, 3.0e-09, 1.0e-07, -0.0001, 11, 27, 3.74926e-06, 5.20224e-06
5723880018466687694, 5000, 3.0e-09, 1.0e-07, -0.0001, 15, 41, 4.58578e-06, 4.86077e-06
7743152518660331466, 5000, 3.0e-09, 1.0e-07, -0.0001, 9, 29, 8.23755e-07, 1.10845e-05
3161423883070996662, 5000, 3.0e-09, 1.0e-07, -0.0001, 9, 22, 3.81989e-06, 4.40927e-06
6214735147345058169, 5000, 3.0e-09, 1.0e-07, -0.0001, 11, 26, 2.54248e-06, 6.20893e-06
3849457568662732700, 5000, 3.0e-09, 1.0e-07, -0.0001, 11, 26, 4.81921e-06, 9.81045e-06
4103105702370111930, 5000, 3.0e-09, 1.0e-07, -0.0001, 19, 27, 2.41231e-06, 8.35253e-06
7285711323188473325, 5000, 3.0e-09, 1.0e-07, -0.0001, 12, 32, 4.06132e-07, 1.18604e-05
4995491753964558361, 5000, 3.0e-09, 1.0e-07, -0.0001, 16, 26, 7.29416e-06, 6.03894e-06
9038570393475695342, 5000, 1.0e-09, 1.0e-07, -0.01, 5, 8, 1.00534e-06, 4.15347e-07
5376251948179913252, 5000, 1.0e-09, 1.0e-07, -0.0001, 5, 12, 2.13983e-06, 2.52922e-06
2879355041419584891, 5000, 3.0e-09, 1.0e-07, -0.0001, 21, 32, 3.87808e-06, 1.71752e-05
9187380994609555821, 5000, 3.0e-09, 1.0e-07, -0.001, 15, 29, 7.12106e-06, 4.65528e-06
1923660727258529368, 5000, 3.0e-09, 1.0e-07, -0.001, 13, 26, 6.87948e-06, 4.80663e-06
1940244861734209402, 5000, 3.0e-09, 1.0e-07, -0.001, 10, 27, 1.77584e-06, 7.54551e-06
132146409508732289, 5000, 3.0e-09, 1.0e-07, -0.001, 16, 17, 4.56329e-06, 4.0383e-06
3169298692055020043, 5000, 3.0e-09, 1.0e-07, -0.001, 12, 25, 8.34612e-07, 7.79228e-06
7788310919710111879, 5000, 3.0e-09, 1.0e-07, -0.001, 16, 23, 2.79045e-06, 7.1735e-06
3651509182188710521, 5000, 3.0e-09, 1.0e-07, -0.001, 23, 24, 4.86568e-06, 8.38129e-06
3908263248821294839, 5000, 3.0e-09, 1.0e-07, -0.001, 24, 32, 3.46018e-06, 2.7784e-06
5119185297756949362, 5000, 3.0e-09, 1.0e-07, -0.001, 19, 28, 2.1282e-06, 6.79895e-06
7543397431795098528, 5000, 1.0e-09, 1.0e-07, -0.01, 4, 4, 4.12514e-06, 1.87166e-07
1507925341344589891, 5000, 3.0e-09, 1.0e-07, -0.001, 15, 17, 3.12854e-06, 1.30394e-06
7452139735661356517, 5000, 3.0e-09, 1.0e-07, -0.001, 15, 27, 2.01945e-06, 6.87216e-06
6976229316269948115, 5000, 3.0e-09, 1.0e-07, -0.001, 15, 45, 4.86752e-06, 1.13372e-05
487698931349050594, 5000, 3.0e-09, 1.0e-07, -0.001, 12, 33, 3.05161e-06, 5.79938e-06
1115478308650715265, 5000, 3.0e-09, 1.0e-07, -0.001, 18, 30, 4.22552e-06, 7.35043e-06
5715133869009902378, 5000, 3.0e-09, 1.0e-07, -0.001, 19, 25, 6.60273e-06, 3.39648e-06
9091742713239908852, 5000, 3.0e-09, 1.0e-07, -0.001, 10, 25, 4.84186e-06, 9.54827e-06
4160015119785527349, 5000, 3.0e-09, 1.0e-07, -0.001, 10, 33, 2.11183e-06, 4.50883e-06
8491411492371418451, 5000, 3.0e-09, 1.0e-07, -0.001, 14, 29, 3.31492e-06, 3.15446e-06
6688155240760384779, 5000, 3.0e-09, 1.0e-07, -0.001, 14, 24, 9.17538e-06, 3.52199e-06
1601924381674150448, 5000, 1.0e-09, 1.0e-07, -0.01, 3, 6, 4.3141e-07, 8.18324e-08
2762272224599167367, 5000, 3.0e-09, 1.0e-07, -0.001, 19, 28, 3.73492e-06, 3.69065e-06
3020525686855346787, 5000, 3.0e-09, 1.0e-07, -0.01, 11, 21, 4.71394e-06, 9.98385e-07
3405585113263093011, 5000, 3.0e-09, 1.0e-07, -0.01, 20, 24, 6.36181e-06, 1.7796e-06
222026009951111260, 5000, 3.0e-09, 1.0e-07, -0.01, 23, 19, 8.81024e-06, 4.05178e-07
5668165088784410295, 5000, 3.0e-09, 1.0e-07, -0.01, 12, 19, 1.4847e-06, 7.50245e-07
6933877663359414026, 5000, 3.0e-09, 1.0e-07, -0.01, 14, 23, 3.82919e-06, 1.29156e-06
8912085113561325105, 5000, 3.0e-09, 1.0e-07, -0.01, 19, 16, 6.80666e-06, 3.52553e-07
8497991791584271627, 5000, 3.0e-09, 1.0e-07, -0.01, 18, 25, 7.64804e-06, 1.22533e-06
3960833841260259720, 5000, 3.0e-09, 1.0e-07, -0.01, 13, 15, 6.93432e-06, 7.21028e-07
8545412950400839084, 5000, 3.0e-09, 1.0e-07, -0.01, 14, 26, 2.70758e-06, 1.29483e-06
7500970952431058338, 5000, 1.0e-09, 1.0e-07, -0.01, 8, 4, 2.34286e-06, 2.75742e-07
7445086306828488452, 5000, 3.0e-09, 1.0e-07, -0.01, 9, 29, 3.23271e-06, 5.82841e-07
183634690333832902, 5000, 3.0e-09, 1.0e-07, -0.01, 16, 25, 4.24909e-06, 1.1907e-06
2322332618908995004, 5000, 3.0e-09, 1.0e-07, -0.01, 16, 17, 1.31115e-05, 5.60252e-07
3122186837440516946, 5000, 3.0e-09, 1.0e-07, -0.01, 13, 14, 7.51984e-06, 6.51503e-07
8786977665071578625, 5000, 3.0e-09, 1.0e-07, -0.01, 16, 19, 3.41852e-06, 3.85048e-07
6251812293338432041, 5000, 3.0e-09, 1.0e-07, -0.01, 13, 17, 1.02506e-06, 1.9568e-07
1087358549363097918, 5000, 3.0e-09, 1.0e-07, -0.01, 11, 17, 6.96364e-06, 1.18713e-06
1860464489133355301, 5000, 3.0e-09, 1.0e-07, -0.01, 8, 13, 3.39827e-06, 5.11276e-07
8400188487794037609, 5000, 3.0e-09, 1.0e-07, -0.01, 12, 15, 3.33009e-06, 2.11735e-07
7866814970289463266, 5000, 3.0e-09, 1.0e-07, -0.01, 16, 25, 4.18265e-06, 1.66296e-06
4895552018429061248, 5000, 1.0e-09, 1.0e-07, -0.01, 5, 8, 5.3247e-07, 5.79648e-08
7476819104456498483, 5000, 3.0e-09, 1.0e-07, -0.01, 13, 20, 3.28593e-06, 8.09017e-07
6711107601158247917, 5000, 3.0e-09, 2.0e-07, -0.0001, 11, 34, 6.04185e-06, 8.09345e-06
3481927697058515297, 5000, 3.0e-09, 2.0e-07, -0.0001, 14, 27, 6.22605e-06, 6.84908e-06
7259613518087183480, 5000, 3.0e-09, 2.0e-07, -0.0001, 17, 39, 2.85065e-06, 9.69551e-06
5493083643758289946, 5000, 3.0e-09, 2.0e-07, -0.0001, 19, 34, 6.83917e-06, 1.78117e-05
4256740391178215128, 5000, 3.0e-09, 2.0e-07, -0.0001, 14, 30, 3.62411e-06, 3.32543e-06
2815128625200125886, 5000, 3.0e-09, 2.0e-07, -0.0001, 16, 31, 7.79609e-06, 4.51051e-06
3071752813695407410, 5000, 3.0e-09, 2.0e-07, -0.0001, 19, 34, 6.3129e-06, 7.79932e-06
3297525203294824197, 5000, 3.0e-09, 2.0e-07, -0.0001, 12, 37, 2.11241e-06, 4.98667e-06
7619806893222604515, 5000, 3.0e-09, 2.0e-07, -0.0001, 15, 32, 8.82839e-06, 1.16493e-05
3725881035781413904, 5000, 1.0e-09, 1.0e-07, -0.01, 5, 9, 8.75301e-07, 1.4984e-07
4719511953255340556, 5000, 3.0e-09, 2.0e-07, -0.0001, 10, 29, 6.54397e-06, 8.13043e-06
8901816534083077269, 5000, 3.0e-09, 2.0e-07, -0.0001, 8, 29, 6.54672e-06, 5.19184e-06
2748804986802514610, 5000, 3.0e-09, 2.0e-07, -0.0001, 12, 25, 4.13707e-06, 1.09027e-05
1863990439470979156, 5000, 3.0e-09, 2.0e-07, -0.0001, 18, 30, 5.10376e-06, 1.00263e-05
2714536201560558727, 5000, 3.0e-09, 2.0e-07, -0.0001, 7, 26, 3.42726e-07, 1.14554e-05
6114686974129603999, 5000, 3.0e-09, 2.0e-07, -0.0001, 14, 25, 2.59568e-06, 5.9249e-06
2721684903300050874, 5000, 3.0e-09, 2.0e-07, -0.0001, 17, 34, 4.74925e-06, 9.20103e-06
237405820060007913, 5000, 3.0e-09, 2.0e-07, -0.0001, 17, 35, 3.31703e-06, 6.45457e-06
3348258808866230608, 5000, 3.0e-09, 2.0e-07, -0.0001, 13, 25, 4.00311e-06, 4.68354e-06
2022194583238999156, 5000, 3.0e-09, 2.0e-07, -0.0001, 12, 31, 9.45282e-07, 1.43753e-05
8337239157801515978, 5000, 1.0e-09, 1.0e-07, -0.01, 0, 9, 0.0, 8.35033e-07
9167497527693153988, 5000, 3.0e-09, 2.0e-07, -0.0001, 13, 35, 3.59877e-06, 6.28807e-06
1951104387593319419, 5000, 3.0e-09, 2.0e-07, -0.001, 18, 28, 3.13284e-06, 4.60339e-06
3248831987468127654, 5000, 3.0e-09, 2.0e-07, -0.001, 12, 29, 1.24989e-06, 8.92355e-06
4132663774074941215, 5000, 3.0e-09, 2.0e-07, -0.001, 15, 37, 2.79791e-06, 4.52054e-06
7732208655432231030, 5000, 3.0e-09, 2.0e-07, -0.001, 11, 21, 1.24136e-06, 1.47492e-06
3486047375411082319, 5000, 3.0e-09, 2.0e-07, -0.001, 22, 27, 3.66382e-06, 3.41058e-06
6870210127248742278, 5000, 3.0e-09, 2.0e-07, -0.001, 21, 22, 2.90967e-06, 2.21941e-06
4671752191392071716, 5000, 3.0e-09, 2.0e-07, -0.001, 18, 33, 1.07742e-05, 4.60391e-06
6549105513473887189, 5000, 3.0e-09, 2.0e-07, -0.001, 17, 21, 3.67976e-06, 5.38043e-06
5921843961023192982, 5000, 3.0e-09, 2.0e-07, -0.001, 13, 27, 1.96828e-06, 8.74357e-06
5779585242612158303, 5000, 1.0e-09, 1.0e-07, -0.01, 1, 7, 2.0e-09, 1.08723e-06
3067917671996576491, 5000, 3.0e-09, 2.0e-07, -0.001, 26, 24, 1.00252e-05, 4.07638e-06
3053453252413087063, 5000, 3.0e-09, 2.0e-07, -0.001, 15, 28, 6.24427e-06, 1.03728e-05
1946105992499987227, 5000, 3.0e-09, 2.0e-07, -0.001, 12, 28, 8.98549e-07, 8.58915e-06
1880914082945325613, 5000, 3.0e-09, 2.0e-07, -0.001, 10, 39, 1.33982e-06, 4.69796e-06
6936392912759053873, 5000, 3.0e-09, 2.0e-07, -0.001, 12, 23, 4.15775e-06, 5.52521e-06
8739871447761426538, 5000, 3.0e-09, 2.0e-07, -0.001, 12, 23, 1.35481e-06, 1.63395e-06
2420324944605957804, 5000, 3.0e-09, 2.0e-07, -0.001, 17, 25, 2.87107e-06, 4.60438e-06
7856148909549444599, 5000, 3.0e-09, 2.0e-07, -0.001, 14, 27, 6.60515e-06, 4.12025e-06
5226856134034124862, 5000, 3.0e-09, 2.0e-07, -0.001, 13, 30, 9.68822e-07, 6.92937e-06
118459384134304327, 5000, 3.0e-09, 2.0e-07, -0.001, 10, 25, 1.87187e-06, 9.31471e-06
262953314865276880, 5000, 1.0e-09, 1.0e-07, -0.01, 2, 5, 2.79816e-08, 1.84919e-07
9037749866070929635, 5000, 3.0e-09, 2.0e-07, -0.001, 23, 33, 5.88517e-06, 6.53657e-06
8585496772046168825, 5000, 3.0e-09, 2.0e-07, -0.01, 19, 20, 1.04998e-05, 3.40941e-07
7696157189698420086, 5000, 3.0e-09, 2.0e-07, -0.01, 17, 13, 3.00999e-06, 6.42492e-07
9182434093134767360, 5000, 3.0e-09, 2.0e-07, -0.01, 15, 19, 3.86588e-06, 7.1845e-07
7282081301589710535, 5000, 3.0e-09, 2.0e-07, -0.01, 22, 14, 2.17701e-05, 3.16461e-07
4614487039730717624, 5000, 3.0e-09, 2.0e-07, -0.01, 20, 20, 4.99427e-06, 1.29047e-06
7141307642362723455, 5000, 3.0e-09, 2.0e-07, -0.01, 20, 27, 4.52575e-06, 1.85682e-06
5070343597204545552, 5000, 3.0e-09, 2.0e-07, -0.01, 13, 21, 3.92314e-06, 4.92363e-07
5587404338702325252, 5000, 3.0e-09, 2.0e-07, -0.01, 19, 27, 3.57677e-06, 1.47447e-06
7492537621649740243, 5000, 3.0e-09, 2.0e-07, -0.01, 19, 18, 5.42531e-06, 1.10638e-06
4612707276080068673, 5000, 1.0e-09, 1.0e-07, -0.01, 4, 7, 9.753e-07, 1.82874e-07
8620234489616338763, 5000, 3.0e-09, 2.0e-07, -0.01, 19, 22, 4.33441e-06, 5.43329e-07
7052315051226555631, 5000, 3.0e-09, 2.0e-07, -0.01, 16, 13, 4.36853e-06, 2.1298e-07
100212786863408721, 5000, 3.0e-09, 2.0e-07, -0.01, 26, 15, 5.82489e-06, 6.06673e-07
5862644957234756925, 5000, 3.0e-09, 2.0e-07, -0.01, 10, 21, 2.11437e-06, 3.63023e-07
3111150674154092646, 5000, 3.0e-09, 2.0e-07, -0.01, 14, 22, 1.80099e-06, 1.3855e-06
6149309813220563113, 5000, 3.0e-09, 2.0e-07, -0.01, 12, 18, 4.96862e-06, 3.0964e-07
8615180580519574900, 5000, 3.0e-09, 2.0e-07, -0.01, 21, 22, 1.07177e-05, 1.59488e-06
4304253747773385601, 5000, 3.0e-09, 2.0e-07, -0.01, 15, 15, 3.18918e-06, 2.27395e-07
6486402288135828062, 5000, 3.0e-09, 2.0e-07, -0.01, 19, 25, 8.50402e-06, 1.47402e-06
7002633771287271344, 5000, 3.0e-09, 2.0e-07, -0.01, 15, 21, 7.78251e-06, 1.82644e-06
7292093806271451847, 5000, 1.0e-09, 1.0e-07, -0.01, 4, 3, 2.20793e-07, 1.67438e-07
6235988891234611078, 5000, 1.0e-09, 1.0e-07, -0.0001, 6, 6, 1.04402e-06, 1.41661e-06
5083991436524262203, 5000, 3.0e-09, 2.0e-07, -0.01, 17, 22, 3.65284e-06, 1.38448e-06
3675493426832433819, 5000, 3.0e-09, 4.0e-07, -0.0001, 17, 20, 7.73496e-06, 5.79021e-06
3665002786793845942, 5000, 3.0e-09, 4.0e-07, -0.0001, 9, 25, 1.1863e-06, 8.69952e-06
5825543393309552358, 5000, 3.0e-09, 4.0e-07, -0.0001, 21, 32, 7.04638e-06, 5.46881e-06
3204675897647683073, 5000, 3.0e-09, 4.0e-07, -0.0001, 15, 25, 1.48719e-06, 1.06337e-05
860026324401836686, 5000, 3.0e-09, 4.0e-07, -0.0001, 10, 29, 9.2411e-07, 4.37243e-06
9212571189839223444, 5000, 3.0e-09, 4.0e-07, -0.0001, 13, 32, 4.99888e-06, 1.13259e-05
1880114055462608918, 5000, 3.0e-09, 4.0e-07, -0.0001, 13, 37, 6.37109e-06, 1.09622e-05
2641006295129065117, 5000, 3.0e-09, 4.0e-07, -0.0001, 15, 23, 1.25267e-06, 1.07637e-05
3568627087207040958, 5000, 3.0e-09, 4.0e-07, -0.0001, 17, 29, 2.19396e-06, 5.89111e-06
48543041654441706, 5000, 1.0e-09, 1.0e-07, -0.01, 5, 5, 6.42816e-06, 2.36204e-07
3273893645314847199, 5000, 3.0e-09, 4.0e-07, -0.0001, 14, 38, 4.58686e-06, 1.14862e-05
433196245028719942, 5000, 3.0e-09, 4.0e-07, -0.0001, 11, 27, 1.46789e-06, 6.33995e-06
8541520801143606761, 5000, 3.0e-09, 4.0e-07, -0.0001, 13, 19, 4.78238e-06, 6.58689e-06
6930471223818987018, 5000, 3.0e-09, 4.0e-07, -0.0001, 16, 23, 4.90514e-06, 7.94897e-06
3593870017915675760, 5000, 3.0e-09, 4.0e-07, -0.0001, 16, 28, 4.13892e-06, 1.48794e-05
4773168192241205080, 5000, 3.0e-09, 4.0e-07, -0.0001, 18, 26, 5.01084e-06, 3.891e-06
1001373125278667843, 5000, 3.0e-09, 4.0e-07, -0.0001, 15, 31, 4.02662e-06, 7.94632e-06
471200711973212640, 5000, 3.0e-09, 4.0e-07, -0.0001, 19, 20, 2.93961e-06, 2.06977e-06
809185929750875709, 5000, 3.0e-09, 4.0e-07, -0.0001, 22, 30, 4.96341e-06, 4.53677e-06
1327318730476841461, 5000, 3.0e-09, 4.0e-07, -0.0001, 12, 37, 7.69777e-06, 9.20611e-06
2317317678159504406, 5000, 1.0e-09, 2.0e-07, -0.0001, 4, 12, 1.77109e-07, 3.68147e-06
4772459040120407067, 5000, 3.0e-09, 4.0e-07, -0.0001, 14, 23, 3.60458e-06, 5.24717e-06
8610070936970780663, 5000, 3.0e-09, 4.0e-07, -0.001, 8, 25, 1.38338e-06, 4.81607e-06
9130407893649196309, 5000, 3.0e-09, 4.0e-07, -0.001, 8, 26, 8.48783e-07, 6.18129e-06
3981617358384680108, 5000, 3.0e-09, 4.0e-07, -0.001, 16, 33, 1.022e-06, 1.24768e-05
3725328327669451568, 5000, 3.0e-09, 4.0e-07, -0.001, 15, 26, 1.46878e-06, 3.55981e-06
4321435588978259237, 5000, 3.0e-09, 4.0e-07, -0.001, 20, 23, 6.39846e-06, 4.09287e-06
8509002170443600636, 5000, 3.0e-09, 4.0e-07, -0.001, 27, 15, 2.29113e-06, 3.61824e-06
4904506575838087057, 5000, 3.0e-09, 4.0e-07, -0.001, 17, 23, 4.83257e-06, 2.60048e-06
2794945106974051110, 5000, 3.0e-09, 4.0e-07, -0.001, 10, 20, 2.31822e-06, 3.34565e-06
8701978229198212869, 5000, 3.0e-09, 4.0e-07, -0.001, 18, 23, 5.28728e-06, 1.22724e-06
913459601006908705, 5000, 1.0e-09, 2.0e-07, -0.0001, 6, 10, 1.35176e-06, 2.80057e-06
3261160116471849509, 5000, 3.0e-09, 4.0e-07, -0.001, 15, 27, 3.02561e-06, 6.58783e-06
2638435496327426930, 5000, 3.0e-09, 4.0e-07, -0.001, 12, 25, 5.62249e-06, 3.83998e-06
4604352140870729311, 5000, 3.0e-09, 4.0e-07, -0.001, 17, 29, 6.19377e-06, 3.04697e-06
3670434909574472764, 5000, 3.0e-09, 4.0e-07, -0.001, 21, 29, 3.77553e-06, 3.55948e-06
4852977964795874746, 5000, 3.0e-09, 4.0e-07, -0.001, 14, 23, 5.5258e-06, 6.0379e-06
2136205496512505930, 5000, 3.0e-09, 4.0e-07, -0.001, 20, 29, 5.33794e-06, 6.4744e-06
5858071894153354760, 5000, 3.0e-09, 4.0e-07, -0.001, 13, 29, 2.0826e-06, 5.66441e-06
6670418323708175887, 5000, 3.0e-09, 4.0e-07, -0.001, 7, 27, 7.82839e-07, 7.80085e-06
3099966701615229670, 5000, 3.0e-09, 4.0e-07, -0.001, 15, 17, 1.18656e-05, 4.40896e-06
7809220360958796530, 5000, 3.0e-09, 4.0e-07, -0.001, 15, 15, 5.53605e-06, 2.01685e-06
279548969858319475, 5000, 1.0e-09, 2.0e-07, -0.0001, 6, 12, 5.9763e-07, 5.00837e-06
880788426703756241, 5000, 3.0e-09, 4.0e-07, -0.001, 3, 28, 9.98533e-07, 5.31801e-06
2903426133294288466, 5000, 3.0e-09, 4.0e-07, -0.01, 21, 20, 7.31501e-06, 9.05008e-07
7213640221589313901, 5000, 3.0e-09, 4.0e-07, -0.01, 14, 17, 4.93355e-06, 4.6569e-07
7893777227642400231, 5000, 3.0e-09, 4.0e-07, -0.01, 13, 22, 1.55536e-06, 7.389e-07
3101833457381981159, 5000, 3.0e-09, 4.0e-07, -0.01, 13, 18, 4.88771e-06, 9.08178e-07
1544545114810458645, 5000, 3.0e-09, 4.0e-07, -0.01, 13, 14, 1.10768e-06, 3.13001e-07
2099503615733469475, 5000, 3.0e-09, 4.0e-07, -0.01, 11, 18, 7.95895e-07, 6.29537e-07
8760931129995463877, 5000, 3.0e-09, 4.0e-07, -0.01, 11, 17, 3.81635e-06, 5.99398e-07
1396870397238775879, 5000, 3.0e-09, 4.0e-07, -0.01, 15, 17, 5.62579e-06, 1.25426e-06
4508189005022401128, 5000, 3.0e-09, 4.0e-07, -0.01, 13, 22, 9.97631e-07, 5.86136e-07
5413354334358840454, 5000, 1.0e-09, 2.0e-07, -0.0001, 4, 6, 4.69147e-06, 5.32759e-07
4844978111164733794, 5000, 3.0e-09, 4.0e-07, -0.01, 7, 19, 9.47116e-07, 7.4345e-07
6210630343587985619, 5000, 3.0e-09, 4.0e-07, -0.01, 19, 30, 6.20345e-06, 1.9312e-06
4191945225147256332, 5000, 3.0e-09, 4.0e-07, -0.01, 23, 16, 3.10318e-06, 6.14306e-07
7418264820396607961, 5000, 3.0e-09, 4.0e-07, -0.01, 15, 15, 5.76569e-06, 5.19171e-07
3057358917047205083, 5000, 3.0e-09, 4.0e-07, -0.01, 10, 17, 2.34618e-06, 1.26349e-06
7109060879364075237, 5000, 3.0e-09, 4.0e-07, -0.01, 15, 19, 6.79097e-06, 1.17673e-06
739103838675578164, 5000, 3.0e-09, 4.0e-07, -0.01, 17, 20, 7.35653e-06, 1.00614e-06
111861929400283716, 5000, 3.0e-09, 4.0e-07, -0.01, 14, 31, 4.01969e-06, 1.36896e-06
3090272627925804796, 5000, 3.0e-09, 4.0e-07, -0.01, 17, 18, 4.34149e-06, 1.04143e-06
8851814145591970459, 5000, 3.0e-09, 4.0e-07, -0.01, 14, 22, 2.9486e-06, 7.64262e-07
6634461189290455675, 5000, 1.0e-09, 2.0e-07, -0.0001, 6, 5, 2.66051e-06, 2.87548e-06
6670007640881625018, 5000, 3.0e-09, 4.0e-07, -0.01, 21, 14, 9.94847e-06, 3.54803e-07
8476364026631580810, 5000, 3.0e-09, 6.0e-07, -0.0001, 24, 30, 1.49425e-05, 9.35174e-06
3375241364578092706, 5000, 3.0e-09, 6.0e-07, -0.0001, 12, 25, 3.24679e-06, 5.57375e-06
2268247461141562645, 5000, 3.0e-09, 6.0e-07, -0.0001, 14, 36, 1.02691e-05, 1.01829e-05
3512729610479953728, 5000, 3.0e-09, 6.0e-07, -0.0001, 15, 26, 3.03494e-06, 9.16805e-06
5782061431628287113, 5000, 3.0e-09, 6.0e-07, -0.0001, 16, 29, 2.35384e-06, 1.09684e-05
8503714460828836019, 5000, 3.0e-09, 6.0e-07, -0.0001, 14, 26, 1.60572e-06, 4.4412e-06
1217098936366593528, 5000, 3.0e-09, 6.0e-07, -0.0001, 20, 29, 5.77453e-06, 8.65363e-06
5328461255624358521, 5000, 3.0e-09, 6.0e-07, -0.0001, 13, 21, 1.72503e-06, 2.66475e-06
8030573446499196847, 5000, 3.0e-09, 6.0e-07, -0.0001, 20, 23, 5.17848e-06, 4.17504e-06
8246145769591351417, 5000, 1.0e-09, 2.0e-07, -0.0001, 4, 16, 4.30464e-07, 2.34857e-06
7187926497152122684, 5000, 3.0e-09, 6.0e-07, -0.0001, 11, 26, 5.32952e-07, 9.18281e-06
6781292784231762455, 5000, 3.0e-09, 6.0e-07, -0.0001, 17, 25, 7.06857e-07, 7.69352e-06
2539012825711250745, 5000, 3.0e-09, 6.0e-07, -0.0001, 12, 34, 2.03429e-06, 6.44562e-06
4069246955178596868, 5000, 3.0e-09, 6.0e-07, -0.0001, 16, 31, 5.77326e-06, 1.59359e-05
4476757985169171390, 5000, 3.0e-09, 6.0e-07, -0.0001, 15, 31, 2.4636e-06, 5.81208e-06
97094482260158130, 5000, 3.0e-09, 6.0e-07, -0.0001, 13, 30, 2.51651e-06, 1.59295e-05
8566842635599449128, 5000, 3.0e-09, 6.0e-07, -0.0001, 10, 26, 2.39962e-06, 7.15266e-06
9167403487332695922, 5000, 3.0e-09, 6.0e-07, -0.0001, 13, 39, 4.34505e-06, 1.66619e-05
3722661597273502202, 5000, 3.0e-09, 6.0e-07, -0.0001, 13, 29, 1.68747e-06, 1.90352e-05
482808152163009991, 5000, 3.0e-09, 6.0e-07, -0.0001, 15, 30, 1.63605e-06, 1.0046e-05
2255127280390698285, 5000, 1.0e-09, 2.0e-07, -0.0001, 7, 13, 5.83978e-07, 3.14097e-06
8150037037266797526, 5000, 3.0e-09, 6.0e-07, -0.0001, 16, 42, 5.44435e-06, 1.21092e-05
188270470317087392, 5000, 3.0e-09, 6.0e-07, -0.001, 14, 19, 5.33761e-07, 2.9278e-06
7406562522878670121, 5000, 3.0e-09, 6.0e-07, -0.001, 14, 21, 5.28292e-06, 1.31795e-06
4658243363454415965, 5000, 3.0e-09, 6.0e-07, -0.001, 10, 31, 2.1931e-06, 6.59475e-06
4094178182954219402, 5000, 3.0e-09, 6.0e-07, -0.001, 12, 21, 8.12102e-06, 3.63531e-06
6274612909442798693, 5000, 3.0e-09, 6.0e-07, -0.001, 12, 35, 5.13015e-06, 1.18834e-05
4619956834992981824, 5000, 3.0e-09, 6.0e-07, -0.001, 9, 27, 1.47615e-06, 6.60269e-06
4221569170156174290, 5000, 3.0e-09, 6.0e-07, -0.001, 19, 30, 7.40844e-06, 4.63516e-06
5458878661234034510, 5000, 3.0e-09, 6.0e-07, -0.001, 16, 28, 2.06646e-06, 1.56693e-05
6018924226341345277, 5000, 3.0e-09, 6.0e-07, -0.001, 14, 22, 3.22166e-06, 2.67193e-06
892679252341381056, 5000, 1.0e-09, 2.0e-07, -0.0001, 4, 13, 3.41933e-07, 2.62759e-06
3643786739128531272, 5000, 3.0e-09, 6.0e-07, -0.001, 15, 21, 7.70397e-06, 4.01388e-06
2275363906126389858, 5000, 3.0e-09, 6.0e-07, -0.001, 14, 24, 4.58993e-06, 6.8062e-06
2903361557108002100, 5000, 3.0e-09, 6.0e-07, -0.001, 18, 27, 4.72495e-06, 4.30071e-06
3515798744475140171, 5000, 3.0e-09, 6.0e-07, -0.001, 9, 27, 5.03338e-06, 3.53423e-06
5365799848013258847, 5000, 3.0e-09, 6.0e-07, -0.001, 15, 31, 2.19843e-06, 7.78375e-06
4355850311609604518, 5000, 3.0e-09, 6.0e-07, -0.001, 22, 31, 3.83283e-06, 2.94737e-06
6591705004427450234, 5000, 3.0e-09, 6.0e-07, -0.001, 15, 31, 3.05659e-06, 7.19883e-06
3039304714996050746, 5000, 3.0e-09, 6.0e-07, -0.001, 11, 18, 4.22665e-06, 4.11825e-06
4692551542908539022, 5000, 3.0e-09, 6.0e-07, -0.001, 14, 23, 2.36895e-06, 3.1626e-06
6033434090660420996, 5000, 3.0e-09, 6.0e-07, -0.001, 22, 24, 2.92878e-06, 2.55263e-06
1015810114768029199, 5000, 1.0e-09, 2.0e-07, -0.0001, 5, 8, 3.02093e-07, 1.75347e-06
2696186740537326124, 5000, 1.0e-09, 1.0e-07, -0.0001, 2, 12, 2.90499e-07, 1.51587e-06
490457480343634351, 5000, 3.0e-09, 6.0e-07, -0.001, 15, 27, 8.03507e-06, 3.89455e-06
9055060098174793015, 5000, 3.0e-09, 6.0e-07, -0.01, 16, 16, 1.08326e-05, 4.87223e-07
9047285759030418497, 5000, 3.0e-09, 6.0e-07, -0.01, 7, 24, 5.42505e-07, 9.65296e-07
5461003927994296855, 5000, 3.0e-09, 6.0e-07, -0.01, 19, 24, 9.93339e-06, 1.1746e-06
8689323957991906888, 5000, 3.0e-09, 6.0e-07, -0.01, 14, 13, 2.3856e-06, 3.29031e-07
8822124309275506737, 5000, 3.0e-09, 6.0e-07, -0.01, 16, 12, 6.86791e-06, 3.16985e-07
1318318345618100133, 5000, 3.0e-09, 6.0e-07, -0.01, 6, 26, 3.15445e-06, 7.89305e-07
3621658458064848811, 5000, 3.0e-09, 6.0e-07, -0.01, 11, 22, 6.95621e-07, 5.81775e-07
8170299279129095976, 5000, 3.0e-09, 6.0e-07, -0.01, 17, 17, 4.86188e-06, 1.39855e-07
7826957728888678368, 5000, 3.0e-09, 6.0e-07, -0.01, 20, 19, 7.56599e-06, 6.59437e-07
8539185766201739114, 5000, 1.0e-09, 2.0e-07, -0.0001, 1, 10, 5.9988e-09, 4.65747e-06
2957274393965175613, 5000, 3.0e-09, 6.0e-07, -0.01, 22, 16, 5.65339e-06, 8.39476e-07
6164491802397669721, 5000, 3.0e-09, 6.0e-07, -0.01, 15, 21, 2.44057e-06, 7.85842e-07
6715088847469497904, 5000, 3.0e-09, 6.0e-07, -0.01, 16, 17, 3.80282e-06, 1.73776e-07
2990845772570812589, 5000, 3.0e-09, 6.0e-07, -0.01, 16, 23, 7.84677e-06, 9.772e-07
9185637339358205417, 5000, 3.0e-09, 6.0e-07, -0.01, 17, 17, 4.34488e-06, 8.09167e-07
8806252387453213446, 5000, 3.0e-09, 6.0e-07, -0.01, 11, 13, 9.16267e-07, 1.69765e-07
4769274930395401496, 5000, 3.0e-09, 6.0e-07, -0.01, 20, 20, 3.31512e-06, 6.65176e-07
1914729591263542417, 5000, 3.0e-09, 6.0e-07, -0.01, 14, 22, 3.21461e-06, 6.74301e-07
5351992025078844454, 5000, 3.0e-09, 6.0e-07, -0.01, 16, 21, 1.14113e-05, 1.12442e-06
4605273044412360849, 5000, 3.0e-09, 6.0e-07, -0.01, 17, 16, 5.54859e-06, 1.56949e-06
7311855552100427870, 5000, 1.0e-09, 2.0e-07, -0.0001, 4, 7, 7.98568e-08, 2.63971e-06
8911993624659458988, 5000, 3.0e-09, 6.0e-07, -0.01, 13, 13, 8.61297e-06, 3.19287e-07
6693216916631015135, 5000, 4.0e-09, 1.0e-07, -0.0001, 25, 43, 3.45696e-06, 1.78447e-05
8477162653349832945, 5000, 4.0e-09, 1.0e-07, -0.0001, 19, 41, 4.54386e-06, 1.07539e-05
1667029431607727211, 5000, 4.0e-09, 1.0e-07, -0.0001, 18, 39, 6.35749e-06, 6.72788e-06
71904691525719167, 5000, 4.0e-09, 1.0e-07, -0.0001, 20, 37, 6.6013e-06, 1.03336e-05
7087142190810320860, 5000, 4.0e-09, 1.0e-07, -0.0001, 21, 31, 7.23823e-06, 4.68474e-06
5250869637892346744, 5000, 4.0e-09, 1.0e-07, -0.0001, 13, 29, 1.74639e-06, 3.29813e-06
3774172411539996586, 5000, 4.0e-09, 1.0e-07, -0.0001, 15, 48, 5.8232e-06, 1.00061e-05
8227017148757980125, 5000, 4.0e-09, 1.0e-07, -0.0001, 20, 36, 7.2309e-06, 9.86077e-06
7362096837875476686, 5000, 4.0e-09, 1.0e-07, -0.0001, 22, 32, 5.73655e-06, 9.39495e-06
4127681451131073938, 5000, 1.0e-09, 2.0e-07, -0.0001, 3, 12, 2.16206e-06, 4.92309e-06
4081434214526029191, 5000, 4.0e-09, 1.0e-07, -0.0001, 18, 43, 5.24158e-06, 1.67783e-05
3543210630865638429, 5000, 4.0e-09, 1.0e-07, -0.0001, 28, 31, 1.3089e-05, 1.01338e-05
3432451954213562870, 5000, 4.0e-09, 1.0e-07, -0.0001, 18, 39, 3.76661e-06, 1.11792e-05
2957676855896767959, 5000, 4.0e-09, 1.0e-07, -0.0001, 10, 38, 1.4127e-06, 5.27642e-06
8877756655030202076, 5000, 4.0e-09, 1.0e-07, -0.0001, 20, 52, 1.3219e-06, 1.4879e-05
7396716077785854025, 5000, 4.0e-09, 1.0e-07, -0.0001, 12, 42, 6.77565e-06, 9.25158e-06
5196528460210787563, 5000, 4.0e-09, 1.0e-07, -0.0001, 29, 49, 1.59414e-05, 1.31807e-05
2337255133277495852, 5000, 4.0e-09, 1.0e-07, -0.0001, 11, 39, 4.04152e-06, 1.69493e-05
1850635585711473015, 5000, 4.0e-09, 1.0e-07, -0.0001, 17, 34, 5.71303e-06, 8.76215e-06
6781620720872380279, 5000, 4.0e-09, 1.0e-07, -0.0001, 23, 48, 5.15145e-06, 1.44833e-05
7199979348189890732, 5000, 1.0e-09, 2.0e-07, -0.0001, 4, 15, 1.01055e-06, 2.31109e-06
5049015448536296811, 5000, 4.0e-09, 1.0e-07, -0.0001, 25, 32, 8.32249e-06, 5.50164e-06
4159400765349246364, 5000, 4.0e-09, 1.0e-07, -0.001, 22, 37, 1.1001e-05, 7.32604e-06
2679607440054626815, 5000, 4.0e-09, 1.0e-07, -0.001, 18, 30, 4.95823e-06, 6.52371e-06
8291307726236725740, 5000, 4.0e-09, 1.0e-07, -0.001, 22, 33, 8.7975e-06, 7.15373e-06
833947027800900333, 5000, 4.0e-09, 1.0e-07, -0.001, 20, 38, 7.01431e-06, 7.53479e-06
2382184341422065824, 5000, 4.0e-09, 1.0e-07, -0.001, 24, 33, 4.4868e-06, 5.90959e-06
4650880960386689376, 5000, 4.0e-09, 1.0e-07, -0.001, 12, 32, 4.44077e-06, 7.21627e-06
3934901740923806963, 5000, 4.0e-09, 1.0e-07, -0.001, 18, 38, 2.73619e-06, 4.40969e-06
6649681404720399260, 5000, 4.0e-09, 1.0e-07, -0.001, 18, 30, 7.40418e-06, 2.05391e-06
6804500277039443818, 5000, 4.0e-09, 1.0e-07, -0.001, 17, 44, 2.16409e-06, 1.41903e-05
1593640940799711506, 5000, 1.0e-09, 2.0e-07, -0.0001, 4, 9, 9.79667e-07, 7.99337e-07
2251725129568123609, 5000, 4.0e-09, 1.0e-07, -0.001, 11, 25, 4.59506e-06, 3.55235e-06
7291457151361751306, 5000, 4.0e-09, 1.0e-07, -0.001, 22, 28, 1.01126e-05, 4.02995e-06
8797735007244735079, 5000, 4.0e-09, 1.0e-07, -0.001, 19, 30, 1.38094e-06, 8.96121e-06
8376934453684360330, 5000, 4.0e-09, 1.0e-07, -0.001, 20, 44, 8.28191e-06, 5.40843e-06
6440124246749703761, 5000, 4.0e-09, 1.0e-07, -0.001, 23, 29, 1.13524e-05, 5.83343e-06
4634833556392394242, 5000, 4.0e-09, 1.0e-07, -0.001, 13, 33, 3.19221e-06, 7.88077e-06
6505330765835585176, 5000, 4.0e-09, 1.0e-07, -0.001, 10, 40, 8.6029e-07, 6.88316e-06
8693682623709948648, 5000, 4.0e-09, 1.0e-07, -0.001, 20, 18, 5.05854e-06, 3.34437e-06
4731415902389937886, 5000, 4.0e-09, 1.0e-07, -0.001, 20, 32, 1.19898e-05, 3.39965e-06
8607565182683749900, 5000, 4.0e-09, 1.0e-07, -0.001, 26, 36, 1.24659e-05, 2.77744e-06
2534016905259649119, 5000, 1.0e-09, 2.0e-07, -0.0001, 6, 12, 8.58168e-06, 2.68338e-06
5493721586332249707, 5000, 4.0e-09, 1.0e-07, -0.001, 22, 48, 8.89366e-06, 6.89775e-06
5982124769077762331, 5000, 4.0e-09, 1.0e-07, -0.01, 22, 18, 2.94836e-06, 9.61246e-07
7968294520616882905, 5000, 4.0e-09, 1.0e-07, -0.01, 17, 28, 6.08702e-06, 1.41042e-06
134593592144366770, 5000, 4.0e-09, 1.0e-07, -0.01, 10, 27, 3.83964e-06, 6.72956e-07
6933364292850298229, 5000, 4.0e-09, 1.0e-07, -0.01, 17, 20, 7.13677e-06, 1.40916e-06
7337207393892469227, 5000, 4.0e-09, 1.0e-07, -0.01, 17, 20, 1.1199e-05, 5.59453e-07
4629964126151039454, 5000, 4.0e-09, 1.0e-07, -0.01, 16, 20, 5.0522e-06, 1.02982e-06
6638523824061605620, 5000, 4.0e-09, 1.0e-07, -0.01, 16, 27, 1.18182e-05, 1.0993e-06
7067750361085909127, 5000, 4.0e-09, 1.0e-07, -0.01, 28, 31, 1.41292e-05, 2.08928e-06
2119203233443115452, 5000, 4.0e-09, 1.0e-07, -0.01, 14, 23, 4.62338e-06, 1.52054e-06
7653949170756530425, 5000, 1.0e-09, 2.0e-07, -0.0001, 3, 13, 6.19096e-08, 1.4515e-06
3465788944182192361, 5000, 4.0e-09, 1.0e-07, -0.01, 16, 28, 5.56226e-06, 2.06759e-06
1621415226483302081, 5000, 4.0e-09, 1.0e-07, -0.01, 24, 25, 5.95031e-06, 1.25162e-06
4395958044011222463, 5000, 4.0e-09, 1.0e-07, -0.01, 19, 36, 1.16266e-05, 2.09035e-06
7613029846234674299, 5000, 4.0e-09, 1.0e-07, -0.01, 21, 25, 5.1718e-06, 1.07302e-06
6971121876119813561, 5000, 4.0e-09, 1.0e-07, -0.01, 31, 22, 5.38822e-06, 9.38974e-07
8501131104374017391, 5000, 4.0e-09, 1.0e-07, -0.01, 26, 22, 9.16024e-06, 9.13772e-07
8022148491593978687, 5000, 4.0e-09, 1.0e-07, -0.01, 16, 28, 3.52337e-06, 1.24025e-06
8335256498545566535, 5000, 4.0e-09, 1.0e-07, -0.01, 18, 21, 4.98507e-06, 5.33397e-07
1766392590845655240, 5000, 4.0e-09, 1.0e-07, -0.01, 23, 21, 1.08095e-05, 1.48956e-06
194267057113571468, 5000, 4.0e-09, 1.0e-07, -0.01, 9, 34, 3.03842e-06, 1.44851e-06
4065527975417890274, 5000, 1.0e-09, 2.0e-07, -0.0001, 6, 14, 1.70551e-06, 8.53963e-06
4316338314957827472, 5000, 4.0e-09, 1.0e-07, -0.01, 20, 23, 6.63571e-06, 1.20133e-06
311831126252405097, 5000, 4.0e-09, 2.0e-07, -0.0001, 15, 31, 1.18402e-05, 2.36142e-06
5047934446171760065, 5000, 4.0e-09, 2.0e-07, -0.0001, 22, 33, 3.90855e-06, 1.28547e-05
192336894919554189, 5000, 4.0e-09, 2.0e-07, -0.0001, 12, 33, 2.54211e-06, 9.1281e-06
7577860380356661758, 5000, 4.0e-09, 2.0e-07, -0.0001, 20, 41, 1.19646e-05, 1.17222e-05
363953504006748663, 5000, 4.0e-09, 2.0e-07, -0.0001, 26, 34, 3.64578e-06, 8.6523e-06
466940019327084033, 5000, 4.0e-09, 2.0e-07, -0.0001, 18, 39, 2.38617e-06, 6.9236e-06
4866603605222439372, 5000, 4.0e-09, 2.0e-07, -0.0001, 17, 36, 6.03091e-06, 1.20419e-05
5975470047310475219, 5000, 4.0e-09, 2.0e-07, -0.0001, 17, 39, 5.28524e-06, 1.299e-05
656381656712344107, 5000, 4.0e-09, 2.0e-07, -0.0001, 15, 37, 1.02944e-05, 1.17947e-05
7791556498617530866, 5000, 1.0e-09, 2.0e-07, -0.0001, 3, 15, 8.77276e-08, 3.83883e-06
7917668878704807138, 5000, 4.0e-09, 2.0e-07, -0.0001, 17, 33, 5.39401e-06, 6.98787e-06
604345585298960484, 5000, 4.0e-09, 2.0e-07, -0.0001, 23, 38, 6.18699e-06, 5.4438e-06
9009370085582531744, 5000, 4.0e-09, 2.0e-07, -0.0001, 23, 35, 1.16227e-05, 8.30577e-06
7914107467229955320, 5000, 4.0e-09, 2.0e-07, -0.0001, 23, 40, 7.65272e-06, 9.59863e-06
2645049807407759265, 5000, 4.0e-09, 2.0e-07, -0.0001, 21, 37, 5.65212e-06, 9.47863e-06
1222033795797599091, 5000, 4.0e-09, 2.0e-07, -0.0001, 18, 36, 2.55973e-06, 7.65184e-06
480242587267883029, 5000, 4.0e-09, 2.0e-07, -0.0001, 19, 42, 2.06765e-06, 1.30145e-05
3871096791193706564, 5000, 4.0e-09, 2.0e-07, -0.0001, 12, 34, 2.19982e-06, 1.08219e-05
2652858582213430716, 5000, 4.0e-09, 2.0e-07, -0.0001, 16, 37, 5.55383e-06, 1.07503e-05
5780760696442199450, 5000, 4.0e-09, 2.0e-07, -0.0001, 21, 34, 9.38014e-06, 7.60225e-06
1228232124626595375, 5000, 1.0e-09, 2.0e-07, -0.0001, 7, 10, 5.13704e-06, 4.21032e-06
7075025861405760652, 5000, 1.0e-09, 1.0e-07, -0.0001, 4, 14, 1.61502e-07, 2.31457e-06
4003674006604458603, 5000, 4.0e-09, 2.0e-07, -0.0001, 23, 38, 8.42638e-06, 1.57779e-05
8645681509829342589, 5000, 4.0e-09, 2.0e-07, -0.001, 22, 41, 6.47197e-06, 8.87969e-06
7470668625662814475, 5000, 4.0e-09, 2.0e-07, -0.001, 24, 36, 7.9941e-06, 5.58158e-06
630190893745501893, 5000, 4.0e-09, 2.0e-07, -0.001, 13, 34, 7.66975e-06, 5.601e-06
8405670420243267217, 5000, 4.0e-09, 2.0e-07, -0.001, 23, 32, 6.76452e-06, 8.88567e-06
2469232398889778397, 5000, 4.0e-09, 2.0e-07, -0.001, 24, 33, 6.11139e-06, 5.75809e-06
7638895894230395349, 5000, 4.0e-09, 2.0e-07, -0.001, 19, 38, 6.48341e-06, 1.01019e-05
5924896819270896825, 5000, 4.0e-09, 2.0e-07, -0.001, 17, 49, 1.83358e-06, 1.25367e-05
2424179911096329234, 5000, 4.0e-09, 2.0e-07, -0.001, 19, 29, 8.97247e-06, 6.80833e-06
2343263237821096481, 5000, 4.0e-09, 2.0e-07, -0.001, 22, 30, 8.98707e-06, 6.88485e-06
4100123847385387490, 5000, 1.0e-09, 2.0e-07, -0.0001, 3, 8, 1.56766e-06, 3.89824e-06
2323359085428300652, 5000, 4.0e-09, 2.0e-07, -0.001, 23, 30, 8.25673e-06, 3.65759e-06
8692260974297856684, 5000, 4.0e-09, 2.0e-07, -0.001, 16, 45, 1.24598e-06, 1.03421e-05
7764640627556533203, 5000, 4.0e-09, 2.0e-07, -0.001, 25, 47, 6.0766e-06, 1.4354e-05
9214057866213180899, 5000, 4.0e-09, 2.0e-07, -0.001, 17, 31, 3.94378e-06, 3.50598e-06
3854330535847646419, 5000, 4.0e-09, 2.0e-07, -0.001, 19, 37, 4.33831e-06, 6.77183e-06
6843359510648244929, 5000, 4.0e-09, 2.0e-07, -0.001, 14, 47, 5.61611e-06, 8.80664e-06
7998039665911033448, 5000, 4.0e-09, 2.0e-07, -0.001, 25, 42, 5.43739e-06, 5.23955e-06
1501678838056751509, 5000, 4.0e-09, 2.0e-07, -0.001, 22, 31, 8.70792e-06, 3.86985e-06
8615342327838324329, 5000, 4.0e-09, 2.0e-07, -0.001, 28, 34, 4.90882e-06, 4.42928e-06
42463071346089219, 5000, 4.0e-09, 2.0e-07, -0.001, 25, 31, 2.75848e-06, 6.9608e-06
8529049214425672928, 5000, 1.0e-09, 2.0e-07, -0.001, 6, 13, 1.9022e-06, 3.84696e-06
6205312378177809516, 5000, 4.0e-09, 2.0e-07, -0.001, 22, 32, 1.06295e-05, 5.12471e-06
724493336679452455, 5000, 4.0e-09, 2.0e-07, -0.01, 21, 35, 3.29209e-06, 1.51851e-06
6670591586499918410, 5000, 4.0e-09, 2.0e-07, -0.01, 20, 30, 3.40562e-06, 1.19804e-06
6968786601514574367, 5000, 4.0e-09, 2.0e-07, -0.01, 22, 31, 4.69382e-06, 1.25499e-06
9155335480609283205, 5000, 4.0e-09, 2.0e-07, -0.01, 18, 22, 5.39143e-06, 1.39511e-06
4880966915216118723, 5000, 4.0e-09, 2.0e-07, -0.01, 17, 27, 4.54336e-06, 1.52647e-06
5870410570625950217, 5000, 4.0e-09, 2.0e-07, -0.01, 17, 31, 6.39519e-06, 2.16258e-06
4604624870116917784, 5000, 4.0e-09, 2.0e-07, -0.01, 30, 26, 4.47439e-06, 8.85697e-07
3689089315648899622, 5000, 4.0e-09, 2.0e-07, -0.01, 18, 23, 3.79303e-06, 8.95433e-07
6498621503226345376, 5000, 4.0e-09, 2.0e-07, -0.01, 18, 22, 6.61374e-06, 7.38151e-07
6036522978322921257, 5000, 1.0e-09, 2.0e-07, -0.001, 8, 18, 3.54953e-06, 4.00348e-06
657886808367309515, 5000, 4.0e-09, 2.0e-07, -0.01, 25, 25, 6.79906e-06, 1.65617e-06
4464263969358165168, 5000, 4.0e-09, 2.0e-07, -0.01, 25, 32, 7.25365e-06, 1.31705e-06
5060477106731372500, 5000, 4.0e-09, 2.0e-07, -0.01, 21, 29, 7.15271e-06, 5.007e-07
8417774519402208910, 5000, 4.0e-09, 2.0e-07, -0.01, 17, 27, 4.23201e-06, 7.96835e-07
5946107119210596716, 5000, 4.0e-09, 2.0e-07, -0.01, 23, 24, 5.27447e-06, 1.14445e-06
1674349042542323145, 5000, 4.0e-09, 2.0e-07, -0.01, 22, 30, 3.61997e-06, 2.80484e-06
481886054760835775, 5000, 4.0e-09, 2.0e-07, -0.01, 18, 20, 1.30255e-05, 4.9214e-07
327553322107900035, 5000, 4.0e-09, 2.0e-07, -0.01, 26, 37, 9.97393e-06, 1.26727e-06
5970410954071823555, 5000, 4.0e-09, 2.0e-07, -0.01, 24, 19, 7.05445e-06, 7.78938e-07
6491546387650788571, 5000, 4.0e-09, 2.0e-07, -0.01, 15, 25, 5.32009e-06, 1.41653e-06
1421046446210447922, 5000, 1.0e-09, 2.0e-07, -0.001, 2, 6, 5.9876e-08, 5.036e-07
7783310755949920313, 5000, 4.0e-09, 2.0e-07, -0.01, 12, 22, 3.6793e-06, 1.51419e-06
7737460825265436857, 5000, 4.0e-09, 4.0e-07, -0.0001, 22, 44, 7.40559e-06, 1.21366e-05
3730493368951537015, 5000, 4.0e-09, 4.0e-07, -0.0001, 26, 39, 7.39033e-06, 1.55663e-05
541872613918378666, 5000, 4.0e-09, 4.0e-07, -0.0001, 19, 39, 3.73025e-06, 6.12533e-06
4896379729661166739, 5000, 4.0e-09, 4.0e-07, -0.0001, 17, 32, 2.98696e-06, 7.40941e-06
5522144252270867632, 5000, 4.0e-09, 4.0e-07, -0.0001, 18, 46, 5.69763e-06, 2.0206e-05
1702238382276307133, 5000, 4.0e-09, 4.0e-07, -0.0001, 20, 41, 1.08683e-05, 1.04464e-05
7334613525949188215, 5000, 4.0e-09, 4.0e-07, -0.0001, 25, 40, 9.67139e-06, 1.45884e-05
8912228691641868670, 5000, 4.0e-09, 4.0e-07, -0.0001, 25, 31, 6.61223e-06, 9.58761e-06
675718794110421416, 5000, 4.0e-09, 4.0e-07, -0.0001, 19, 42, 3.95393e-06, 6.25068e-06
5095291882005412409, 5000, 1.0e-09, 2.0e-07, -0.001, 3, 10, 4.70717e-07, 1.44122e-06
4765994163229497151, 5000, 4.0e-09, 4.0e-07, -0.0001, 29, 33, 3.69704e-06, 1.74012e-05
3469100095229750967, 5000, 4.0e-09, 4.0e-07, -0.0001, 19, 37, 5.19068e-06, 1.05951e-05
968036296488485640, 5000, 4.0e-09, 4.0e-07, -0.0001, 17, 36, 2.72596e-06, 7.34912e-06
2319700066904128613, 5000, 4.0e-09, 4.0e-07, -0.0001, 20, 31, 9.08306e-06, 7.37034e-06
1375985217655528026, 5000, 4.0e-09, 4.0e-07, -0.0001, 20, 42, 4.26789e-06, 1.15803e-05
2703569916379045504, 5000, 4.0e-09, 4.0e-07, -0.0001, 22, 37, 1.26701e-05, 8.89245e-06
915717616415079503, 5000, 4.0e-09, 4.0e-07, -0.0001, 23, 37, 1.26374e-05, 8.2729e-06
5946475971535929790, 5000, 4.0e-09, 4.0e-07, -0.0001, 17, 41, 8.62517e-06, 1.82596e-05
4643656713214082797, 5000, 4.0e-09, 4.0e-07, -0.0001, 21, 38, 3.87963e-06, 6.69273e-06
1464124138468081206, 5000, 4.0e-09, 4.0e-07, -0.0001, 18, 36, 3.83543e-06, 9.44596e-06
8990622507459156159, 5000, 1.0e-09, 2.0e-07, -0.001, 4, 14, 1.16326e-06, 9.45221e-07
3884459653825288133, 5000, 4.0e-09, 4.0e-07, -0.0001, 15, 37, 2.52431e-06, 2.00139e-05
914320259229423937, 5000, 4.0e-09, 4.0e-07, -0.001, 17, 33, 3.08523e-06, 3.02958e-06
7171017458407342, 5000, 4.0e-09, 4.0e-07, -0.001, 19, 35, 4.59393e-06, 7.06666e-06
581733516669252409, 5000, 4.0e-09, 4.0e-07, -0.001, 17, 46, 8.26795e-06, 8.44685e-06
5506546087900875421, 5000, 4.0e-09, 4.0e-07, -0.001, 21, 29, 5.45422e-06, 7.84132e-06
5083347706009583945, 5000, 4.0e-09, 4.0e-07, -0.001, 21, 37, 4.82164e-06, 1.12231e-05
3557491014489884061, 5000, 4.0e-09, 4.0e-07, -0.001, 15, 43, 5.25052e-06, 8.55899e-06
1323186817002758153, 5000, 4.0e-09, 4.0e-07, -0.001, 23, 42, 7.17969e-06, 9.34164e-06
2845199602738166970, 5000, 4.0e-09, 4.0e-07, -0.001, 22, 35, 5.803e-06, 8.29031e-06
381295029233874452, 5000, 4.0e-09, 4.0e-07, -0.001, 23, 26, 2.42e-06, 3.0524e-06
8400558152022590722, 5000, 1.0e-09, 2.0e-07, -0.001, 4, 8, 1.35944e-06, 5.67582e-07
9118210196727247721, 5000, 4.0e-09, 4.0e-07, -0.001, 17, 34, 5.60312e-06, 4.85661e-06
8432646286004447502, 5000, 4.0e-09, 4.0e-07, -0.001, 24, 33, 8.66894e-06, 1.2894e-05
8046185883383730636, 5000, 4.0e-09, 4.0e-07, -0.001, 22, 34, 8.63525e-06, 6.11415e-06
2404954951296105008, 5000, 4.0e-09, 4.0e-07, -0.001, 9, 42, 5.11125e-07, 1.93404e-05
5480372808540851587, 5000, 4.0e-09, 4.0e-07, -0.001, 29, 41, 6.22419e-06, 9.57756e-06
7446185992834171834, 5000, 4.0e-09, 4.0e-07, -0.001, 24, 40, 6.33588e-06, 7.62735e-06
1548718172342502462, 5000, 4.0e-09, 4.0e-07, -0.001, 23, 48, 7.75063e-06, 1.74125e-05
8045831043471782244, 5000, 4.0e-09, 4.0e-07, -0.001, 14, 41, 7.29633e-06, 9.09904e-06
457366748450817548, 5000, 4.0e-09, 4.0e-07, -0.001, 23, 32, 8.42969e-06, 6.85994e-06
3346682063903027927, 5000, 4.0e-09, 4.0e-07, -0.001, 25, 35, 7.75114e-06, 8.36651e-06
4009799997116919061, 5000, 1.0e-09, 2.0e-07, -0.001, 4, 11, 1.83949e-06, 2.16749e-06
6080178239450715930, 5000, 4.0e-09, 4.0e-07, -0.001, 19, 42, 7.91579e-06, 5.48772e-06
517643593548432730, 5000, 4.0e-09, 4.0e-07, -0.01, 31, 23, 7.13243e-06, 1.28344e-06
8292311953853694614, 5000, 4.0e-09, 4.0e-07, -0.01, 20, 25, 1.0093e-05, 6.45349e-07
3888353035443347867, 5000, 4.0e-09, 4.0e-07, -0.01, 16, 33, 2.10573e-06, 1.27822e-06
5341091370420696023, 5000, 4.0e-09, 4.0e-07, -0.01, 17, 30, 1.32692e-06, 1.10639e-06
5230397895505408613, 5000, 4.0e-09, 4.0e-07, -0.01, 18, 38, 1.84442e-06, 1.46623e-06
6259355112711633020, 5000, 4.0e-09, 4.0e-07, -0.01, 30, 24, 7.64199e-06, 8.2959e-07
7127157871947357147, 5000, 4.0e-09, 4.0e-07, -0.01, 23, 28, 4.78778e-06, 1.29174e-06
8400852060512151566, 5000, 4.0e-09, 4.0e-07, -0.01, 14, 20, 3.57049e-06, 7.88868e-07
1312018230516998626, 5000, 4.0e-09, 4.0e-07, -0.01, 22, 31, 4.5479e-06, 1.61757e-06
3209823907173893663, 5000, 1.0e-09, 2.0e-07, -0.001, 6, 7, 2.29274e-06, 1.60985e-06
2019958457974441882, 5000, 4.0e-09, 4.0e-07, -0.01, 17, 21, 4.76907e-06, 1.19745e-06
8666088608629614325, 5000, 4.0e-09, 4.0e-07, -0.01, 19, 23, 1.08168e-05, 1.16199e-06
3864891353137505820, 5000, 4.0e-09, 4.0e-07, -0.01, 17, 24, 7.64978e-06, 1.46929e-06
6475252893406362675, 5000, 4.0e-09, 4.0e-07, -0.01, 23, 28, 5.57244e-06, 1.06893e-06
8777856060664600120, 5000, 4.0e-09, 4.0e-07, -0.01, 27, 20, 1.03644e-05, 1.79799e-06
4449736024941580747, 5000, 4.0e-09, 4.0e-07, -0.01, 22, 23, 2.90384e-06, 9.66534e-07
5914148362869186534, 5000, 4.0e-09, 4.0e-07, -0.01, 27, 32, 7.56074e-06, 1.6043e-06
6903170454158416023, 5000, 4.0e-09, 4.0e-07, -0.01, 24, 29, 5.88079e-06, 7.85273e-07
685874224978085227, 5000, 4.0e-09, 4.0e-07, -0.01, 16, 17, 7.50841e-06, 1.46616e-06
1867300835559316634, 5000, 4.0e-09, 4.0e-07, -0.01, 17, 24, 7.77634e-06, 8.64919e-07
2489624672338125859, 5000, 1.0e-09, 2.0e-07, -0.001, 5, 8, 9.34187e-07, 2.69546e-06
2809149625614909793, 5000, 1.0e-09, 1.0e-07, -0.0001, 5, 13, 4.22749e-06, 1.75001e-06
7867957125403410265, 5000, 4.0e-09, 4.0e-07, -0.01, 25, 22, 9.42097e-06, 6.96561e-07
3932737072808714237, 5000, 4.0e-09, 6.0e-07, -0.0001, 26, 41, 1.41017e-05, 9.74744e-06
8355713318680043344, 5000, 4.0e-09, 6.0e-07, -0.0001, 15, 45, 2.35031e-06, 9.59866e-06
265349842989112423, 5000, 4.0e-09, 6.0e-07, -0.0001, 18, 34, 4.29482e-06, 1.64654e-05
41554669313225628, 5000, 4.0e-09, 6.0e-07, -0.0001, 19, 42, 3.97416e-06, 1.38074e-05
4320611345102923083, 5000, 4.0e-09, 6.0e-07, -0.0001, 18, 34, 4.2504e-06, 4.59661e-06
9086324971528763206, 5000, 4.0e-09, 6.0e-07, -0.0001, 12, 40, 8.50828e-06, 1.68388e-05
974654029341001304, 5000, 4.0e-09, 6.0e-07, -0.0001, 17, 53, 2.98095e-06, 1.71311e-05
2651695372070221537, 5000, 4.0e-09, 6.0e-07, -0.0001, 14, 37, 7.52614e-06, 1.27146e-05
1208549139443974381, 5000, 4.0e-09, 6.0e-07, -0.0001, 17, 34, 1.74799e-06, 9.46052e-06
12046072327240883, 5000, 1.0e-09, 2.0e-07, -0.001, 2, 14, 3.84572e-07, 1.26413e-06
7902760502113929222, 5000, 4.0e-09, 6.0e-07, -0.0001, 19, 23, 4.04679e-06, 7.72514e-06
7514926443447002364, 5000, 4.0e-09, 6.0e-07, -0.0001, 24, 40, 5.15962e-06, 1.06382e-05
3177505244311655095, 5000, 4.0e-09, 6.0e-07, -0.0001, 16, 41, 5.00214e-06, 5.82889e-06
3077917360502973984, 5000, 4.0e-09, 6.0e-07, -0.0001, 21, 30, 3.98093e-06, 1.19961e-05
8865175934989813076, 5000, 4.0e-09, 6.0e-07, -0.0001, 14, 30, 5.51187e-06, 7.09615e-06
8647164278852239536, 5000, 4.0e-09, 6.0e-07, -0.0001, 20, 60, 7.07277e-06, 1.88467e-05
2125802013229584710, 5000, 4.0e-09, 6.0e-07, -0.0001, 25, 46, 8.27634e-06, 9.68677e-06
4083945550367973201, 5000, 4.0e-09, 6.0e-07, -0.0001, 19, 43, 9.96031e-06, 8.43284e-06
3292008555758117978, 5000, 4.0e-09, 6.0e-07, -0.0001, 21, 53, 5.60596e-06, 9.65821e-06
8820537100896847688, 5000, 4.0e-09, 6.0e-07, -0.0001, 18, 25, 2.57252e-06, 7.1824e-06
9192326556740820041, 5000, 1.0e-09, 2.0e-07, -0.001, 4, 9, 5.29796e-07, 2.23167e-06
2304736107327193629, 5000, 4.0e-09, 6.0e-07, -0.0001, 19, 41, 5.42307e-06, 1.1849e-05
7419070598671533819, 5000, 4.0e-09, 6.0e-07, -0.001, 13, 29, 3.96286e-06, 5.01911e-06
8784279017291185371, 5000, 4.0e-09, 6.0e-07, -0.001, 11, 41, 1.98149e-06, 5.89897e-06
2962127147199993142, 5000, 4.0e-09, 6.0e-07, -0.001, 21, 35, 1.07836e-05, 8.0819e-06
4937435272970078063, 5000, 4.0e-09, 6.0e-07, -0.001, 17, 43, 2.0474e-06, 1.77036e-05
7902391885033647509, 5000, 4.0e-09, 6.0e-07, -0.001, 20, 31, 2.78066e-06, 6.28547e-06
8503500936302619208, 5000, 4.0e-09, 6.0e-07, -0.001, 15, 35, 3.12936e-06, 4.16223e-06
722684202983466365, 5000, 4.0e-09, 6.0e-07, -0.001, 18, 30, 4.59823e-06, 1.03696e-05
2746441564529340820, 5000, 4.0e-09, 6.0e-07, -0.001, 20, 35, 5.57052e-06, 4.23534e-06
5145743076143945772, 5000, 4.0e-09, 6.0e-07, -0.001, 20, 33, 5.96648e-06, 2.4184e-06
1102330555388437230, 5000, 1.0e-09, 2.0e-07, -0.001, 6, 8, 3.73551e-07, 1.87256e-06
7549922390651097322, 5000, 4.0e-09, 6.0e-07, -0.001, 17, 36, 3.32256e-06, 8.24382e-06
5555018206506413838, 5000, 4.0e-09, 6.0e-07, -0.001, 15, 28, 6.13641e-06, 4.91413e-06
6826277665893404237, 5000, 4.0e-09, 6.0e-07, -0.001, 12, 43, 6.67438e-06, 9.02807e-06
3483290845514997079, 5000, 4.0e-09, 6.0e-07, -0.001, 19, 37, 8.54866e-06, 8.85553e-06
3217270459258233742, 5000, 4.0e-09, 6.0e-07, -0.001, 21, 37, 9.41871e-06, 5.72804e-06
132074186071635437, 5000, 4.0e-09, 6.0e-07, -0.001, 14, 28, 5.70911e-06, 6.33661e-06
2489006501319609449, 5000, 4.0e-09, 6.0e-07, -0.001, 23, 25, 6.99265e-06, 5.59729e-06
1676857061156002166, 5000, 4.0e-09, 6.0e-07, -0.001, 17, 32, 6.07476e-06, 8.04746e-06
4233716431819636540, 5000, 4.0e-09, 6.0e-07, -0.001, 14, 43, 6.39047e-06, 7.58661e-06
6323758595476166258, 5000, 4.0e-09, 6.0e-07, -0.001, 25, 30, 9.31339e-06, 5.38733e-06
6421420617292321666, 5000, 1.0e-09, 2.0e-07, -0.001, 5, 9, 5.98932e-07, 5.40706e-06
6011682687628852948, 5000, 4.0e-09, 6.0e-07, -0.001, 15, 35, 2.81959e-06, 5.43667e-06
4546124478780830812, 5000, 4.0e-09, 6.0e-07, -0.01, 17, 23, 2.41692e-06, 7.03147e-07
8003418713107517312, 5000, 4.0e-09, 6.0e-07, -0.01, 19, 27, 1.36202e-06, 4.96949e-07
1993324875428100658, 5000, 4.0e-09, 6.0e-07, -0.01, 20, 37, 6.8638e-06, 1.87677e-06
4337392058758386869, 5000, 4.0e-09, 6.0e-07, -0.01, 11, 37, 5.5344e-06, 2.32216e-06
4553897004687737885, 5000, 4.0e-09, 6.0e-07, -0.01, 21, 29, 1.01191e-05, 8.653e-07
2688708657470582596, 5000, 4.0e-09, 6.0e-07, -0.01, 13, 28, 1.80397e-06, 1.21802e-06
7837081333299593274, 5000, 4.0e-09, 6.0e-07, -0.01, 28, 22, 6.62493e-06, 8.25741e-07
9051160021753021599, 5000, 4.0e-09, 6.0e-07, -0.01, 15, 30, 8.29076e-06, 1.29962e-06
7967960288733622053, 5000, 4.0e-09, 6.0e-07, -0.01, 18, 30, 4.47268e-06, 8.85543e-07
2612777606667491441, 5000, 1.0e-09, 2.0e-07, -0.001, 3, 10, 3.92538e-06, 1.40581e-06
1312346916441558598, 5000, 4.0e-09, 6.0e-07, -0.01, 20, 24, 1.82838e-06, 1.51397e-06
5065719478525939834, 5000, 4.0e-09, 6.0e-07, -0.01, 19, 15, 1.65851e-06, 2.82974e-07
7015805086934537857, 5000, 4.0e-09, 6.0e-07, -0.01, 13, 27, 8.3926e-06, 6.39359e-07
2545737843393875707, 5000, 4.0e-09, 6.0e-07, -0.01, 26, 23, 1.18301e-05, 1.57871e-06
6733303545258692134, 5000, 4.0e-09, 6.0e-07, -0.01, 23, 21, 4.95379e-06, 1.143e-06
6757459012882462020, 5000, 4.0e-09, 6.0e-07, -0.01, 22, 28, 3.7493e-06, 9.2486e-07
7390417778692373885, 5000, 4.0e-09, 6.0e-07, -0.01, 20, 38, 3.19748e-06, 1.6254e-06
1776311876954117949, 5000, 4.0e-09, 6.0e-07, -0.01, 18, 29, 6.65206e-06, 1.02134e-06
7622794696916293456, 5000, 4.0e-09, 6.0e-07, -0.01, 28, 25, 1.10263e-05, 6.94944e-07
6085083832593792346, 5000, 4.0e-09, 6.0e-07, -0.01, 16, 25, 5.58498e-06, 1.6261e-06
3096068862207497254, 5000, 1.0e-09, 2.0e-07, -0.001, 2, 8, 9.97338e-07, 5.8413e-07
1200047568310325114, 5000, 4.0e-09, 6.0e-07, -0.01, 20, 26, 9.19652e-06, 1.37703e-06
1150300160889149336, 5000, 1.0e-09, 2.0e-07, -0.001, 8, 8, 2.42551e-06, 8.12595e-07
7355229583552257201, 5000, 1.0e-09, 2.0e-07, -0.001, 5, 8, 5.0459e-07, 4.98442e-07
4232660464950150541, 5000, 1.0e-09, 2.0e-07, -0.001, 5, 10, 2.75279e-06, 1.17672e-06
1111341688143168328, 5000, 1.0e-09, 2.0e-07, -0.001, 4, 13, 2.50504e-06, 2.74778e-06
4119664614321207146, 5000, 1.0e-09, 1.0e-07, -0.0001, 6, 10, 1.30883e-06, 4.28273e-06
